{
  "mavoglurant_wendling_2015": {
    "n_folds": 5,
    "n_subjects": 120,
    "npe_apmode": 0.4080639409965062,
    "npe_apmode_per_fold": [
      0.468179095187531,
      0.38416157347675856,
      0.3549450304051699,
      0.4080639409965062,
      0.5073417045584797
    ],
    "npe_literature": 0.9925620004698897,
    "npe_literature_per_fold": [
      0.9930114724981779,
      0.9925620004698897,
      0.9912400945111559,
      0.9919802926593654,
      0.9926739003824815
    ]
  },
  "oral_1cpt_acop_2016": {
    "n_folds": 5,
    "n_subjects": 120,
    "npe_apmode": 0.26340404579950116,
    "npe_apmode_per_fold": [
      0.2767926964329102,
      0.26289333468589593,
      0.2557482291851625,
      0.26340404579950116,
      0.26773222377796824
    ],
    "npe_literature": 0.2587362737819373,
    "npe_literature_per_fold": [
      0.27401971854183815,
      0.25417310840727053,
      0.24956207879114162,
      0.26362816680882467,
      0.2587362737819373
    ]
  },
  "phenobarbital_grasela_1985": {
    "n_folds": 5,
    "n_subjects": 59,
    "npe_apmode": 0.2513993648597589,
    "npe_apmode_per_fold": [
      0.2430389652375986,
      0.2806420217909049,
      0.24323892549226436,
      0.2513993648597589,
      0.29143442041118495
    ],
    "npe_literature": 0.26988610800777946,
    "npe_literature_per_fold": [
      0.16622743331999054,
      0.21439001492141058,
      0.26988610800777946,
      0.28192968877579977,
      0.2935841029823862
    ]
  },
  "theophylline_boeckmann_1992": {
    "n_folds": 5,
    "n_subjects": 12,
    "npe_apmode": 0.18576397602555328,
    "npe_apmode_per_fold": [
      0.17377869601932705,
      0.21903781896045033,
      0.19920626235980832,
      0.1147627473565486,
      0.18576397602555328
    ],
    "npe_literature": 0.17761465981749192,
    "npe_literature_per_fold": [
      0.18981335520039594,
      0.22216833224519847,
      0.14226974884778326,
      0.05887967921305437,
      0.17761465981749192
    ]
  },
  "warfarin_funaki_2018": {
    "n_folds": 5,
    "n_subjects": 32,
    "npe_apmode": 0.23165139989651068,
    "npe_apmode_per_fold": [
      0.1906008443137073,
      0.26379694922375785,
      0.32127500578748525,
      0.10139513597144312,
      0.23165139989651068
    ],
    "npe_literature": 0.22661279112845895,
    "npe_literature_per_fold": [
      0.216615174456375,
      0.31737917082153244,
      0.3651500955701129,
      0.15813475081535322,
      0.22661279112845895
    ]
  }
}
