"NMID","TIME","DV","MDV","EVID","AMT","CMT","BLQ","WT","SEX"
1,0,0,1,1,200,1,0,64.9613076865675,0
1,0.5,1.83633001106931,0,0,0,2,0,64.9613076865675,0
1,1,3.6473171017438,0,0,0,2,0,64.9613076865675,0
1,2,2.89416162594683,0,0,0,2,0,64.9613076865675,0
1,4,2.46821346578087,0,0,0,2,0,64.9613076865675,0
1,8,1.80461251857296,0,0,0,2,0,64.9613076865675,0
1,12,0.989700750955312,0,0,0,2,0,64.9613076865675,0
1,24,0,1,1,200,1,0,64.9613076865675,0
1,24,0.26635441823274,0,0,0,2,0,64.9613076865675,0
1,48,0,1,1,200,1,0,64.9613076865675,0
1,48,0.299586775314502,0,0,0,2,0,64.9613076865675,0
1,72,0,1,1,200,1,0,64.9613076865675,0
1,72,0.376238254206948,0,0,0,2,0,64.9613076865675,0
1,96,0,1,1,200,1,0,64.9613076865675,0
1,96,0.422478011558157,0,0,0,2,0,64.9613076865675,0
1,120,0,1,1,200,1,0,64.9613076865675,0
1,120,0.430301178527336,0,0,0,2,0,64.9613076865675,0
1,144,0,1,1,200,1,0,64.9613076865675,0
1,168,0,1,1,200,1,0,64.9613076865675,0
1,168,0.468647188718128,0,0,0,2,0,64.9613076865675,0
1,192,0,1,1,200,1,0,64.9613076865675,0
1,192,0.462866629236979,0,0,0,2,0,64.9613076865675,0
1,216,0,1,1,200,1,0,64.9613076865675,0
1,240,0,1,1,200,1,0,64.9613076865675,0
1,240,0.522111315926454,0,0,0,2,0,64.9613076865675,0
1,264,0,1,1,200,1,0,64.9613076865675,0
1,264,0.778622427778554,0,0,0,2,0,64.9613076865675,0
1,288,0,1,1,200,1,0,64.9613076865675,0
1,288,0.763714845268525,0,0,0,2,0,64.9613076865675,0
1,312,0,1,1,200,1,0,64.9613076865675,0
1,312.5,3.57782220114324,0,0,0,2,0,64.9613076865675,0
1,313,4.23992516230351,0,0,0,2,0,64.9613076865675,0
1,314,4.11881567436745,0,0,0,2,0,64.9613076865675,0
1,316,4.4456907703666,0,0,0,2,0,64.9613076865675,0
1,320,2.68914830786181,0,0,0,2,0,64.9613076865675,0
1,324,2.25050546590952,0,0,0,2,0,64.9613076865675,0
1,336,0.900607420828976,0,0,0,2,0,64.9613076865675,0
2,0,0,1,1,200,1,0,49.22002140677,1
2,0.5,3.39938392466567,0,0,0,2,0,49.22002140677,1
2,1,3.923104467698,0,0,0,2,0,49.22002140677,1
2,2,3.73216808780377,0,0,0,2,0,49.22002140677,1
2,4,3.27940633178526,0,0,0,2,0,49.22002140677,1
2,8,2.0227119221089,0,0,0,2,0,49.22002140677,1
2,12,0.935578081589732,0,0,0,2,0,49.22002140677,1
2,24,0,1,1,200,1,0,49.22002140677,1
2,24,0.114492939802624,0,0,0,2,0,49.22002140677,1
2,48,0,1,1,200,1,0,49.22002140677,1
2,48,0.138101520212872,0,0,0,2,0,49.22002140677,1
2,72,0,1,1,200,1,0,49.22002140677,1
2,72,0.159084937060963,0,0,0,2,0,49.22002140677,1
2,96,0,1,1,200,1,0,49.22002140677,1
2,96,0.185820321434358,0,0,0,2,0,49.22002140677,1
2,120,0,1,1,200,1,0,49.22002140677,1
2,120,0.248378126045936,0,0,0,2,0,49.22002140677,1
2,144,0,1,1,200,1,0,49.22002140677,1
2,168,0,1,1,200,1,0,49.22002140677,1
2,168,0.27406890068597,0,0,0,2,0,49.22002140677,1
2,192,0,1,1,200,1,0,49.22002140677,1
2,192,0.28314356162961,0,0,0,2,0,49.22002140677,1
2,216,0,1,1,200,1,0,49.22002140677,1
2,240,0,1,1,200,1,0,49.22002140677,1
2,240,0.429218172920511,0,0,0,2,0,49.22002140677,1
2,264,0,1,1,200,1,0,49.22002140677,1
2,264,0.398858521279937,0,0,0,2,0,49.22002140677,1
2,288,0,1,1,200,1,0,49.22002140677,1
2,288,0.388622249732061,0,0,0,2,0,49.22002140677,1
2,312,0,1,1,200,1,0,49.22002140677,1
2,312.5,3.9098785679345,0,0,0,2,0,49.22002140677,1
2,313,4.40829778702994,0,0,0,2,0,49.22002140677,1
2,314,5.17839800751411,0,0,0,2,0,49.22002140677,1
2,316,5.2427559491548,0,0,0,2,0,49.22002140677,1
2,320,3.41528325853814,0,0,0,2,0,49.22002140677,1
2,324,2.30469961542946,0,0,0,2,0,49.22002140677,1
2,336,0.52730052730197,0,0,0,2,0,49.22002140677,1
3,0,0,1,1,200,1,0,63.6069860094974,1
3,0.5,1.26503328212952,0,0,0,2,0,63.6069860094974,1
3,1,2.04945997421128,0,0,0,2,0,63.6069860094974,1
3,2,2.39424722835332,0,0,0,2,0,63.6069860094974,1
3,4,2.23611959679191,0,0,0,2,0,63.6069860094974,1
3,8,2.48732264537121,0,0,0,2,0,63.6069860094974,1
3,12,1.58882997045575,0,0,0,2,0,63.6069860094974,1
3,24,0,1,1,200,1,0,63.6069860094974,1
3,24,0.725867783154568,0,0,0,2,0,63.6069860094974,1
3,48,0,1,1,200,1,0,63.6069860094974,1
3,48,1.03541924433114,0,0,0,2,0,63.6069860094974,1
3,72,0,1,1,200,1,0,63.6069860094974,1
3,72,1.09261454611459,0,0,0,2,0,63.6069860094974,1
3,96,0,1,1,200,1,0,63.6069860094974,1
3,96,1.08978194326657,0,0,0,2,0,63.6069860094974,1
3,120,0,1,1,200,1,0,63.6069860094974,1
3,120,1.14254101136399,0,0,0,2,0,63.6069860094974,1
3,144,0,1,1,200,1,0,63.6069860094974,1
3,168,0,1,1,200,1,0,63.6069860094974,1
3,168,1.42187894755428,0,0,0,2,0,63.6069860094974,1
3,192,0,1,1,200,1,0,63.6069860094974,1
3,192,1.43045220690682,0,0,0,2,0,63.6069860094974,1
3,216,0,1,1,200,1,0,63.6069860094974,1
3,240,0,1,1,200,1,0,63.6069860094974,1
3,240,1.68562499871882,0,0,0,2,0,63.6069860094974,1
3,264,0,1,1,200,1,0,63.6069860094974,1
3,264,1.81895037045797,0,0,0,2,0,63.6069860094974,1
3,288,0,1,1,200,1,0,63.6069860094974,1
3,288,1.47678110700219,0,0,0,2,0,63.6069860094974,1
3,312,0,1,1,200,1,0,63.6069860094974,1
3,312.5,3.55167518743448,0,0,0,2,0,63.6069860094974,1
3,313,4.14070355418764,0,0,0,2,0,63.6069860094974,1
3,314,3.90233468162107,0,0,0,2,0,63.6069860094974,1
3,316,4.06339404211015,0,0,0,2,0,63.6069860094974,1
3,320,4.07445168786631,0,0,0,2,0,63.6069860094974,1
3,324,3.00908996842175,0,0,0,2,0,63.6069860094974,1
3,336,2.40020233094891,0,0,0,2,0,63.6069860094974,1
4,0,0,1,1,200,1,0,55.3883158527626,1
4,0.5,1.63772848513763,0,0,0,2,0,55.3883158527626,1
4,1,1.78545818357699,0,0,0,2,0,55.3883158527626,1
4,2,3.20692377471427,0,0,0,2,0,55.3883158527626,1
4,4,2.83044801002741,0,0,0,2,0,55.3883158527626,1
4,8,2.13348564238392,0,0,0,2,0,55.3883158527626,1
4,12,1.7311284329753,0,0,0,2,0,55.3883158527626,1
4,24,0,1,1,200,1,0,55.3883158527626,1
4,24,0.852720565782232,0,0,0,2,0,55.3883158527626,1
4,48,0,1,1,200,1,0,55.3883158527626,1
4,48,0.890555778662257,0,0,0,2,0,55.3883158527626,1
4,72,0,1,1,200,1,0,55.3883158527626,1
4,72,1.04004626999461,0,0,0,2,0,55.3883158527626,1
4,96,0,1,1,200,1,0,55.3883158527626,1
4,96,1.24785388783952,0,0,0,2,0,55.3883158527626,1
4,120,0,1,1,200,1,0,55.3883158527626,1
4,120,1.21961845514822,0,0,0,2,0,55.3883158527626,1
4,144,0,1,1,200,1,0,55.3883158527626,1
4,168,0,1,1,200,1,0,55.3883158527626,1
4,168,1.32183120484277,0,0,0,2,0,55.3883158527626,1
4,192,0,1,1,200,1,0,55.3883158527626,1
4,192,1.66139050143928,0,0,0,2,0,55.3883158527626,1
4,216,0,1,1,200,1,0,55.3883158527626,1
4,240,0,1,1,200,1,0,55.3883158527626,1
4,240,1.69769578931176,0,0,0,2,0,55.3883158527626,1
4,264,0,1,1,200,1,0,55.3883158527626,1
4,264,1.75809337495051,0,0,0,2,0,55.3883158527626,1
4,288,0,1,1,200,1,0,55.3883158527626,1
4,288,1.93011656824987,0,0,0,2,0,55.3883158527626,1
4,312,0,1,1,200,1,0,55.3883158527626,1
4,312.5,3.62902054223976,0,0,0,2,0,55.3883158527626,1
4,313,3.91740005685151,0,0,0,2,0,55.3883158527626,1
4,314,4.97686589968723,0,0,0,2,0,55.3883158527626,1
4,316,5.13600465179186,0,0,0,2,0,55.3883158527626,1
4,320,4.26489333868928,0,0,0,2,0,55.3883158527626,1
4,324,3.35418495114555,0,0,0,2,0,55.3883158527626,1
4,336,2.09061194129568,0,0,0,2,0,55.3883158527626,1
5,0,0,1,1,200,1,0,78.9169551619929,0
5,0.5,1.43582191689309,0,0,0,2,0,78.9169551619929,0
5,1,1.80461048929513,0,0,0,2,0,78.9169551619929,0
5,2,2.74861181949312,0,0,0,2,0,78.9169551619929,0
5,4,1.83657546079939,0,0,0,2,0,78.9169551619929,0
5,8,2.07216131030106,0,0,0,2,0,78.9169551619929,0
5,12,1.69943633873104,0,0,0,2,0,78.9169551619929,0
5,24,0,1,1,200,1,0,78.9169551619929,0
5,24,0.960912169297247,0,0,0,2,0,78.9169551619929,0
5,48,0,1,1,200,1,0,78.9169551619929,0
5,48,1.23228546707746,0,0,0,2,0,78.9169551619929,0
5,72,0,1,1,200,1,0,78.9169551619929,0
5,72,1.36139693461652,0,0,0,2,0,78.9169551619929,0
5,96,0,1,1,200,1,0,78.9169551619929,0
5,96,1.51501222423191,0,0,0,2,0,78.9169551619929,0
5,120,0,1,1,200,1,0,78.9169551619929,0
5,120,1.31579713702975,0,0,0,2,0,78.9169551619929,0
5,144,0,1,1,200,1,0,78.9169551619929,0
5,168,0,1,1,200,1,0,78.9169551619929,0
5,168,1.24201586846372,0,0,0,2,0,78.9169551619929,0
5,192,0,1,1,200,1,0,78.9169551619929,0
5,192,1.83322837840681,0,0,0,2,0,78.9169551619929,0
5,216,0,1,1,200,1,0,78.9169551619929,0
5,240,0,1,1,200,1,0,78.9169551619929,0
5,240,1.69294530115636,0,0,0,2,0,78.9169551619929,0
5,264,0,1,1,200,1,0,78.9169551619929,0
5,264,2.0559299663581,0,0,0,2,0,78.9169551619929,0
5,288,0,1,1,200,1,0,78.9169551619929,0
5,288,1.99718841531773,0,0,0,2,0,78.9169551619929,0
5,312,0,1,1,200,1,0,78.9169551619929,0
5,312.5,3.49330080482889,0,0,0,2,0,78.9169551619929,0
5,313,3.91755977753593,0,0,0,2,0,78.9169551619929,0
5,314,4.1672492359963,0,0,0,2,0,78.9169551619929,0
5,316,3.30784013250371,0,0,0,2,0,78.9169551619929,0
5,320,3.95126128387071,0,0,0,2,0,78.9169551619929,0
5,324,3.24920971808725,0,0,0,2,0,78.9169551619929,0
5,336,2.10586286845011,0,0,0,2,0,78.9169551619929,0
6,0,0,1,1,200,1,0,74.6803782692864,1
6,0.5,1.85064677802221,0,0,0,2,0,74.6803782692864,1
6,1,2.3975262705655,0,0,0,2,0,74.6803782692864,1
6,2,3.20601954377578,0,0,0,2,0,74.6803782692864,1
6,4,2.71934012153323,0,0,0,2,0,74.6803782692864,1
6,8,1.84065144000991,0,0,0,2,0,74.6803782692864,1
6,12,0.950021543569223,0,0,0,2,0,74.6803782692864,1
6,24,0,1,1,200,1,0,74.6803782692864,1
6,24,0.20866068747946,0,0,0,2,0,74.6803782692864,1
6,48,0,1,1,200,1,0,74.6803782692864,1
6,48,0.329995912493411,0,0,0,2,0,74.6803782692864,1
6,72,0,1,1,200,1,0,74.6803782692864,1
6,72,0.393275692968833,0,0,0,2,0,74.6803782692864,1
6,96,0,1,1,200,1,0,74.6803782692864,1
6,96,0.43235291611388,0,0,0,2,0,74.6803782692864,1
6,120,0,1,1,200,1,0,74.6803782692864,1
6,120,0.419682860435533,0,0,0,2,0,74.6803782692864,1
6,144,0,1,1,200,1,0,74.6803782692864,1
6,168,0,1,1,200,1,0,74.6803782692864,1
6,168,0.561856776360263,0,0,0,2,0,74.6803782692864,1
6,192,0,1,1,200,1,0,74.6803782692864,1
6,192,0.614204383029425,0,0,0,2,0,74.6803782692864,1
6,216,0,1,1,200,1,0,74.6803782692864,1
6,240,0,1,1,200,1,0,74.6803782692864,1
6,240,0.648555765653913,0,0,0,2,0,74.6803782692864,1
6,264,0,1,1,200,1,0,74.6803782692864,1
6,264,0.710940295044581,0,0,0,2,0,74.6803782692864,1
6,288,0,1,1,200,1,0,74.6803782692864,1
6,288,0.724027222989675,0,0,0,2,0,74.6803782692864,1
6,312,0,1,1,200,1,0,74.6803782692864,1
6,312.5,2.59493610694374,0,0,0,2,0,74.6803782692864,1
6,313,3.47324442850899,0,0,0,2,0,74.6803782692864,1
6,314,3.84424713257984,0,0,0,2,0,74.6803782692864,1
6,316,3.94725611355067,0,0,0,2,0,74.6803782692864,1
6,320,2.78974625329108,0,0,0,2,0,74.6803782692864,1
6,324,2.3185886043409,0,0,0,2,0,74.6803782692864,1
6,336,0.849235902499291,0,0,0,2,0,74.6803782692864,1
7,0,0,1,1,200,1,0,66.3971717935102,1
7,0.5,1.31894901863623,0,0,0,2,0,66.3971717935102,1
7,1,1.95138705836644,0,0,0,2,0,66.3971717935102,1
7,2,2.59674148817221,0,0,0,2,0,66.3971717935102,1
7,4,3.22036190657448,0,0,0,2,0,66.3971717935102,1
7,8,2.03006332496353,0,0,0,2,0,66.3971717935102,1
7,12,1.32138113447725,0,0,0,2,0,66.3971717935102,1
7,24,0,1,1,200,1,0,66.3971717935102,1
7,24,0.541209824479414,0,0,0,2,0,66.3971717935102,1
7,48,0,1,1,200,1,0,66.3971717935102,1
7,48,0.730838896831717,0,0,0,2,0,66.3971717935102,1
7,72,0,1,1,200,1,0,66.3971717935102,1
7,72,0.823573402053299,0,0,0,2,0,66.3971717935102,1
7,96,0,1,1,200,1,0,66.3971717935102,1
7,96,0.852222083258583,0,0,0,2,0,66.3971717935102,1
7,120,0,1,1,200,1,0,66.3971717935102,1
7,120,0.883839446740921,0,0,0,2,0,66.3971717935102,1
7,144,0,1,1,200,1,0,66.3971717935102,1
7,168,0,1,1,200,1,0,66.3971717935102,1
7,168,1.12804159278739,0,0,0,2,0,66.3971717935102,1
7,192,0,1,1,200,1,0,66.3971717935102,1
7,192,1.27032752947185,0,0,0,2,0,66.3971717935102,1
7,216,0,1,1,200,1,0,66.3971717935102,1
7,240,0,1,1,200,1,0,66.3971717935102,1
7,240,1.50137376762076,0,0,0,2,0,66.3971717935102,1
7,264,0,1,1,200,1,0,66.3971717935102,1
7,264,1.40714065625039,0,0,0,2,0,66.3971717935102,1
7,288,0,1,1,200,1,0,66.3971717935102,1
7,288,1.48001673722446,0,0,0,2,0,66.3971717935102,1
7,312,0,1,1,200,1,0,66.3971717935102,1
7,312.5,2.70810491277225,0,0,0,2,0,66.3971717935102,1
7,313,4.22888704937994,0,0,0,2,0,66.3971717935102,1
7,314,3.72039302804213,0,0,0,2,0,66.3971717935102,1
7,316,3.85626542868014,0,0,0,2,0,66.3971717935102,1
7,320,3.40935091204334,0,0,0,2,0,66.3971717935102,1
7,324,2.72511627651121,0,0,0,2,0,66.3971717935102,1
7,336,1.3218132897682,0,0,0,2,0,66.3971717935102,1
8,0,0,1,1,200,1,0,88.4500746817362,0
8,0.5,1.33659738812732,0,0,0,2,0,88.4500746817362,0
8,1,1.90214309782631,0,0,0,2,0,88.4500746817362,0
8,2,2.13317849331634,0,0,0,2,0,88.4500746817362,0
8,4,2.37781493077902,0,0,0,2,0,88.4500746817362,0
8,8,1.62749067554191,0,0,0,2,0,88.4500746817362,0
8,12,1.1226271488152,0,0,0,2,0,88.4500746817362,0
8,24,0,1,1,200,1,0,88.4500746817362,0
8,24,0.341160833628317,0,0,0,2,0,88.4500746817362,0
8,48,0,1,1,200,1,0,88.4500746817362,0
8,48,0.461291155667765,0,0,0,2,0,88.4500746817362,0
8,72,0,1,1,200,1,0,88.4500746817362,0
8,72,0.377156731562416,0,0,0,2,0,88.4500746817362,0
8,96,0,1,1,200,1,0,88.4500746817362,0
8,96,0.52931036658825,0,0,0,2,0,88.4500746817362,0
8,120,0,1,1,200,1,0,88.4500746817362,0
8,120,0.654009152051142,0,0,0,2,0,88.4500746817362,0
8,144,0,1,1,200,1,0,88.4500746817362,0
8,168,0,1,1,200,1,0,88.4500746817362,0
8,168,0.637119237744834,0,0,0,2,0,88.4500746817362,0
8,192,0,1,1,200,1,0,88.4500746817362,0
8,192,0.70213105441342,0,0,0,2,0,88.4500746817362,0
8,216,0,1,1,200,1,0,88.4500746817362,0
8,240,0,1,1,200,1,0,88.4500746817362,0
8,240,0.866954972702346,0,0,0,2,0,88.4500746817362,0
8,264,0,1,1,200,1,0,88.4500746817362,0
8,264,0.916807439606947,0,0,0,2,0,88.4500746817362,0
8,288,0,1,1,200,1,0,88.4500746817362,0
8,288,0.927127407240437,0,0,0,2,0,88.4500746817362,0
8,312,0,1,1,200,1,0,88.4500746817362,0
8,312.5,2.23996000800843,0,0,0,2,0,88.4500746817362,0
8,313,3.53361817343338,0,0,0,2,0,88.4500746817362,0
8,314,3.28519461158125,0,0,0,2,0,88.4500746817362,0
8,316,3.32097114764095,0,0,0,2,0,88.4500746817362,0
8,320,2.72850317489242,0,0,0,2,0,88.4500746817362,0
8,324,2.05713036110466,0,0,0,2,0,88.4500746817362,0
8,336,1.08880165166599,0,0,0,2,0,88.4500746817362,0
9,0,0,1,1,200,1,0,104.491378294205,1
9,0.5,1.67245814247005,0,0,0,2,0,104.491378294205,1
9,1,3.05970152526346,0,0,0,2,0,104.491378294205,1
9,2,2.90549561269747,0,0,0,2,0,104.491378294205,1
9,4,2.56808541863777,0,0,0,2,0,104.491378294205,1
9,8,1.64246519015352,0,0,0,2,0,104.491378294205,1
9,12,1.07803793818783,0,0,0,2,0,104.491378294205,1
9,24,0,1,1,200,1,0,104.491378294205,1
9,24,0.185401567334968,0,0,0,2,0,104.491378294205,1
9,48,0,1,1,200,1,0,104.491378294205,1
9,48,0.217081089594737,0,0,0,2,0,104.491378294205,1
9,72,0,1,1,200,1,0,104.491378294205,1
9,72,0.196252913268325,0,0,0,2,0,104.491378294205,1
9,96,0,1,1,200,1,0,104.491378294205,1
9,96,0.178945648467244,0,0,0,2,0,104.491378294205,1
9,120,0,1,1,200,1,0,104.491378294205,1
9,120,0.293195117813204,0,0,0,2,0,104.491378294205,1
9,144,0,1,1,200,1,0,104.491378294205,1
9,168,0,1,1,200,1,0,104.491378294205,1
9,168,0.355694700006543,0,0,0,2,0,104.491378294205,1
9,192,0,1,1,200,1,0,104.491378294205,1
9,192,0.387451408705809,0,0,0,2,0,104.491378294205,1
9,216,0,1,1,200,1,0,104.491378294205,1
9,240,0,1,1,200,1,0,104.491378294205,1
9,240,0.418230326329212,0,0,0,2,0,104.491378294205,1
9,264,0,1,1,200,1,0,104.491378294205,1
9,264,0.462407263007982,0,0,0,2,0,104.491378294205,1
9,288,0,1,1,200,1,0,104.491378294205,1
9,288,0.474237796187628,0,0,0,2,0,104.491378294205,1
9,312,0,1,1,200,1,0,104.491378294205,1
9,312.5,2.43062469858499,0,0,0,2,0,104.491378294205,1
9,313,2.92261909728647,0,0,0,2,0,104.491378294205,1
9,314,3.6822568917039,0,0,0,2,0,104.491378294205,1
9,316,3.06339339014448,0,0,0,2,0,104.491378294205,1
9,320,1.9597681657538,0,0,0,2,0,104.491378294205,1
9,324,2.12788523052303,0,0,0,2,0,104.491378294205,1
9,336,0.629137857646977,0,0,0,2,0,104.491378294205,1
10,0,0,1,1,200,1,0,41.4347854635718,1
10,0.5,2.66395312124528,0,0,0,2,0,41.4347854635718,1
10,1,3.70401623176146,0,0,0,2,0,41.4347854635718,1
10,2,4.41365860465892,0,0,0,2,0,41.4347854635718,1
10,4,3.52740812563148,0,0,0,2,0,41.4347854635718,1
10,8,3.14964036627145,0,0,0,2,0,41.4347854635718,1
10,12,1.81427456824652,0,0,0,2,0,41.4347854635718,1
10,24,0,1,1,200,1,0,41.4347854635718,1
10,24,0.857665426583858,0,0,0,2,0,41.4347854635718,1
10,48,0,1,1,200,1,0,41.4347854635718,1
10,48,1.02518559354336,0,0,0,2,0,41.4347854635718,1
10,72,0,1,1,200,1,0,41.4347854635718,1
10,72,1.19211018975312,0,0,0,2,0,41.4347854635718,1
10,96,0,1,1,200,1,0,41.4347854635718,1
10,96,1.40311072694311,0,0,0,2,0,41.4347854635718,1
10,120,0,1,1,200,1,0,41.4347854635718,1
10,120,1.33509977863084,0,0,0,2,0,41.4347854635718,1
10,144,0,1,1,200,1,0,41.4347854635718,1
10,168,0,1,1,200,1,0,41.4347854635718,1
10,168,1.62743865056882,0,0,0,2,0,41.4347854635718,1
10,192,0,1,1,200,1,0,41.4347854635718,1
10,192,1.65376766385784,0,0,0,2,0,41.4347854635718,1
10,216,0,1,1,200,1,0,41.4347854635718,1
10,240,0,1,1,200,1,0,41.4347854635718,1
10,240,1.64046093289088,0,0,0,2,0,41.4347854635718,1
10,264,0,1,1,200,1,0,41.4347854635718,1
10,264,2.04489747597228,0,0,0,2,0,41.4347854635718,1
10,288,0,1,1,200,1,0,41.4347854635718,1
10,288,2.15445215201522,0,0,0,2,0,41.4347854635718,1
10,312,0,1,1,200,1,0,41.4347854635718,1
10,312.5,4.86701771950648,0,0,0,2,0,41.4347854635718,1
10,313,5.77052503897459,0,0,0,2,0,41.4347854635718,1
10,314,6.3997594200604,0,0,0,2,0,41.4347854635718,1
10,316,4.52329523493778,0,0,0,2,0,41.4347854635718,1
10,320,4.16852462042886,0,0,0,2,0,41.4347854635718,1
10,324,3.77761764519882,0,0,0,2,0,41.4347854635718,1
10,336,2.60965330794137,0,0,0,2,0,41.4347854635718,1
11,0,0,1,1,200,1,0,93.6700963412207,1
11,0.5,2.20739328689831,0,0,0,2,0,93.6700963412207,1
11,1,3.19018100754062,0,0,0,2,0,93.6700963412207,1
11,2,3.84226253214119,0,0,0,2,0,93.6700963412207,1
11,4,2.74490127506808,0,0,0,2,0,93.6700963412207,1
11,8,1.3074837107846,0,0,0,2,0,93.6700963412207,1
11,12,0.667845508964272,0,0,0,2,0,93.6700963412207,1
11,24,0,1,1,200,1,0,93.6700963412207,1
11,24,0.0614898652977596,0,0,0,2,0,93.6700963412207,1
11,48,0,1,1,200,1,0,93.6700963412207,1
11,48,0.0645000811202533,0,0,0,2,0,93.6700963412207,1
11,72,0,1,1,200,1,0,93.6700963412207,1
11,72,0.0717533026566037,0,0,0,2,0,93.6700963412207,1
11,96,0,1,1,200,1,0,93.6700963412207,1
11,96,0.0801447546923986,0,0,0,2,0,93.6700963412207,1
11,120,0,1,1,200,1,0,93.6700963412207,1
11,120,0.0998308324188847,0,0,0,2,0,93.6700963412207,1
11,144,0,1,1,200,1,0,93.6700963412207,1
11,168,0,1,1,200,1,0,93.6700963412207,1
11,168,0.131932912985445,0,0,0,2,0,93.6700963412207,1
11,192,0,1,1,200,1,0,93.6700963412207,1
11,192,0.166952299158842,0,0,0,2,0,93.6700963412207,1
11,216,0,1,1,200,1,0,93.6700963412207,1
11,240,0,1,1,200,1,0,93.6700963412207,1
11,240,0.192247295923851,0,0,0,2,0,93.6700963412207,1
11,264,0,1,1,200,1,0,93.6700963412207,1
11,264,0.24035618614216,0,0,0,2,0,93.6700963412207,1
11,288,0,1,1,200,1,0,93.6700963412207,1
11,288,0.28133086333816,0,0,0,2,0,93.6700963412207,1
11,312,0,1,1,200,1,0,93.6700963412207,1
11,312.5,2.69998197824974,0,0,0,2,0,93.6700963412207,1
11,313,4.23129789341874,0,0,0,2,0,93.6700963412207,1
11,314,4.25171024900909,0,0,0,2,0,93.6700963412207,1
11,316,3.92400430880928,0,0,0,2,0,93.6700963412207,1
11,320,2.51503454913875,0,0,0,2,0,93.6700963412207,1
11,324,1.54782559328085,0,0,0,2,0,93.6700963412207,1
11,336,0.294152927388415,0,0,0,2,0,93.6700963412207,1
12,0,0,1,1,200,1,0,64.6519554825866,1
12,0.5,1.38551574494705,0,0,0,2,0,64.6519554825866,1
12,1,2.39287129986967,0,0,0,2,0,64.6519554825866,1
12,2,3.2597952116701,0,0,0,2,0,64.6519554825866,1
12,4,2.51608222558879,0,0,0,2,0,64.6519554825866,1
12,8,2.20550231621053,0,0,0,2,0,64.6519554825866,1
12,12,1.60164250267008,0,0,0,2,0,64.6519554825866,1
12,24,0,1,1,200,1,0,64.6519554825866,1
12,24,0.547550634974338,0,0,0,2,0,64.6519554825866,1
12,48,0,1,1,200,1,0,64.6519554825866,1
12,48,0.737087088078511,0,0,0,2,0,64.6519554825866,1
12,72,0,1,1,200,1,0,64.6519554825866,1
12,72,0.704949841715184,0,0,0,2,0,64.6519554825866,1
12,96,0,1,1,200,1,0,64.6519554825866,1
12,96,0.964650605618219,0,0,0,2,0,64.6519554825866,1
12,120,0,1,1,200,1,0,64.6519554825866,1
12,120,0.925481764843722,0,0,0,2,0,64.6519554825866,1
12,144,0,1,1,200,1,0,64.6519554825866,1
12,168,0,1,1,200,1,0,64.6519554825866,1
12,168,0.933817414438872,0,0,0,2,0,64.6519554825866,1
12,192,0,1,1,200,1,0,64.6519554825866,1
12,192,0.948894725411669,0,0,0,2,0,64.6519554825866,1
12,216,0,1,1,200,1,0,64.6519554825866,1
12,240,0,1,1,200,1,0,64.6519554825866,1
12,240,1.17351999563967,0,0,0,2,0,64.6519554825866,1
12,264,0,1,1,200,1,0,64.6519554825866,1
12,264,1.50019876250733,0,0,0,2,0,64.6519554825866,1
12,288,0,1,1,200,1,0,64.6519554825866,1
12,288,1.43830074728606,0,0,0,2,0,64.6519554825866,1
12,312,0,1,1,200,1,0,64.6519554825866,1
12,312.5,2.80985505971165,0,0,0,2,0,64.6519554825866,1
12,313,3.78150020056494,0,0,0,2,0,64.6519554825866,1
12,314,3.2584982021205,0,0,0,2,0,64.6519554825866,1
12,316,3.94556377152935,0,0,0,2,0,64.6519554825866,1
12,320,3.51227200854577,0,0,0,2,0,64.6519554825866,1
12,324,2.89736409837977,0,0,0,2,0,64.6519554825866,1
12,336,1.63434696788774,0,0,0,2,0,64.6519554825866,1
13,0,0,1,1,200,1,0,87.7941882681834,1
13,0.5,1.84373224457544,0,0,0,2,0,87.7941882681834,1
13,1,2.72750269595761,0,0,0,2,0,87.7941882681834,1
13,2,2.99188733720256,0,0,0,2,0,87.7941882681834,1
13,4,2.37666097656139,0,0,0,2,0,87.7941882681834,1
13,8,1.8636383489979,0,0,0,2,0,87.7941882681834,1
13,12,1.0384309159038,0,0,0,2,0,87.7941882681834,1
13,24,0,1,1,200,1,0,87.7941882681834,1
13,24,0.494106262732848,0,0,0,2,0,87.7941882681834,1
13,48,0,1,1,200,1,0,87.7941882681834,1
13,48,0.573948864123157,0,0,0,2,0,87.7941882681834,1
13,72,0,1,1,200,1,0,87.7941882681834,1
13,72,0.639131339653741,0,0,0,2,0,87.7941882681834,1
13,96,0,1,1,200,1,0,87.7941882681834,1
13,96,0.616315289988053,0,0,0,2,0,87.7941882681834,1
13,120,0,1,1,200,1,0,87.7941882681834,1
13,120,0.678577288113588,0,0,0,2,0,87.7941882681834,1
13,144,0,1,1,200,1,0,87.7941882681834,1
13,168,0,1,1,200,1,0,87.7941882681834,1
13,168,0.833128946467945,0,0,0,2,0,87.7941882681834,1
13,192,0,1,1,200,1,0,87.7941882681834,1
13,192,1.01035345749784,0,0,0,2,0,87.7941882681834,1
13,216,0,1,1,200,1,0,87.7941882681834,1
13,240,0,1,1,200,1,0,87.7941882681834,1
13,240,1.23783811216667,0,0,0,2,0,87.7941882681834,1
13,264,0,1,1,200,1,0,87.7941882681834,1
13,264,0.984195249826662,0,0,0,2,0,87.7941882681834,1
13,288,0,1,1,200,1,0,87.7941882681834,1
13,288,1.08558235359488,0,0,0,2,0,87.7941882681834,1
13,312,0,1,1,200,1,0,87.7941882681834,1
13,312.5,2.81432051696373,0,0,0,2,0,87.7941882681834,1
13,313,3.41221371520153,0,0,0,2,0,87.7941882681834,1
13,314,3.89638509782861,0,0,0,2,0,87.7941882681834,1
13,316,4.01213146605626,0,0,0,2,0,87.7941882681834,1
13,320,3.13032710549247,0,0,0,2,0,87.7941882681834,1
13,324,2.32727633862262,0,0,0,2,0,87.7941882681834,1
13,336,1.30769769511949,0,0,0,2,0,87.7941882681834,1
14,0,0,1,1,200,1,0,40,0
14,0.5,2.48150032712573,0,0,0,2,0,40,0
14,1,3.52630945025392,0,0,0,2,0,40,0
14,2,3.26025354607908,0,0,0,2,0,40,0
14,4,3.05595819305611,0,0,0,2,0,40,0
14,8,2.21424284746768,0,0,0,2,0,40,0
14,12,1.47896249451345,0,0,0,2,0,40,0
14,24,0,1,1,200,1,0,40,0
14,24,0.39498413344645,0,0,0,2,0,40,0
14,48,0,1,1,200,1,0,40,0
14,48,0.493954465715528,0,0,0,2,0,40,0
14,72,0,1,1,200,1,0,40,0
14,72,0.510108500398354,0,0,0,2,0,40,0
14,96,0,1,1,200,1,0,40,0
14,96,0.651898033890262,0,0,0,2,0,40,0
14,120,0,1,1,200,1,0,40,0
14,120,0.685997671937166,0,0,0,2,0,40,0
14,144,0,1,1,200,1,0,40,0
14,168,0,1,1,200,1,0,40,0
14,168,0.835123494649739,0,0,0,2,0,40,0
14,192,0,1,1,200,1,0,40,0
14,192,0.790953686720999,0,0,0,2,0,40,0
14,216,0,1,1,200,1,0,40,0
14,240,0,1,1,200,1,0,40,0
14,240,0.837099034169274,0,0,0,2,0,40,0
14,264,0,1,1,200,1,0,40,0
14,264,1.02715908695727,0,0,0,2,0,40,0
14,288,0,1,1,200,1,0,40,0
14,288,1.14429506609054,0,0,0,2,0,40,0
14,312,0,1,1,200,1,0,40,0
14,312.5,3.85795488560914,0,0,0,2,0,40,0
14,313,4.45725614345128,0,0,0,2,0,40,0
14,314,5.43547543352199,0,0,0,2,0,40,0
14,316,4.83486861004202,0,0,0,2,0,40,0
14,320,3.74459042248303,0,0,0,2,0,40,0
14,324,2.51187167359436,0,0,0,2,0,40,0
14,336,1.09320828213858,0,0,0,2,0,40,0
15,0,0,1,1,200,1,0,46.4367099865071,1
15,0.5,1.70404625428696,0,0,0,2,0,46.4367099865071,1
15,1,2.2259925234536,0,0,0,2,0,46.4367099865071,1
15,2,2.87142079930898,0,0,0,2,0,46.4367099865071,1
15,4,2.62371212365281,0,0,0,2,0,46.4367099865071,1
15,8,2.04527315813934,0,0,0,2,0,46.4367099865071,1
15,12,1.795385827352,0,0,0,2,0,46.4367099865071,1
15,24,0,1,1,200,1,0,46.4367099865071,1
15,24,1.0181599207344,0,0,0,2,0,46.4367099865071,1
15,48,0,1,1,200,1,0,46.4367099865071,1
15,48,1.41040754476064,0,0,0,2,0,46.4367099865071,1
15,72,0,1,1,200,1,0,46.4367099865071,1
15,72,1.95916858838393,0,0,0,2,0,46.4367099865071,1
15,96,0,1,1,200,1,0,46.4367099865071,1
15,96,1.92337048906184,0,0,0,2,0,46.4367099865071,1
15,120,0,1,1,200,1,0,46.4367099865071,1
15,120,1.7117718881138,0,0,0,2,0,46.4367099865071,1
15,144,0,1,1,200,1,0,46.4367099865071,1
15,168,0,1,1,200,1,0,46.4367099865071,1
15,168,2.10712319313827,0,0,0,2,0,46.4367099865071,1
15,192,0,1,1,200,1,0,46.4367099865071,1
15,192,2.0442209930804,0,0,0,2,0,46.4367099865071,1
15,216,0,1,1,200,1,0,46.4367099865071,1
15,240,0,1,1,200,1,0,46.4367099865071,1
15,240,2.48129487975348,0,0,0,2,0,46.4367099865071,1
15,264,0,1,1,200,1,0,46.4367099865071,1
15,264,2.7427852531998,0,0,0,2,0,46.4367099865071,1
15,288,0,1,1,200,1,0,46.4367099865071,1
15,288,2.60740782467408,0,0,0,2,0,46.4367099865071,1
15,312,0,1,1,200,1,0,46.4367099865071,1
15,312.5,4.45851062734344,0,0,0,2,0,46.4367099865071,1
15,313,5.03152780727479,0,0,0,2,0,46.4367099865071,1
15,314,5.48883367468137,0,0,0,2,0,46.4367099865071,1
15,316,4.82252608622176,0,0,0,2,0,46.4367099865071,1
15,320,4.35221744102232,0,0,0,2,0,46.4367099865071,1
15,324,3.63991303757016,0,0,0,2,0,46.4367099865071,1
15,336,2.7972363819154,0,0,0,2,0,46.4367099865071,1
16,0,0,1,1,200,1,0,96.125924588461,0
16,0.5,1.43770578737286,0,0,0,2,0,96.125924588461,0
16,1,1.83232994866725,0,0,0,2,0,96.125924588461,0
16,2,3.15037974778603,0,0,0,2,0,96.125924588461,0
16,4,2.4984736124718,0,0,0,2,0,96.125924588461,0
16,8,1.87619540504888,0,0,0,2,0,96.125924588461,0
16,12,1.52719832030002,0,0,0,2,0,96.125924588461,0
16,24,0,1,1,200,1,0,96.125924588461,0
16,24,0.616431858174925,0,0,0,2,0,96.125924588461,0
16,48,0,1,1,200,1,0,96.125924588461,0
16,48,0.769630994633551,0,0,0,2,0,96.125924588461,0
16,72,0,1,1,200,1,0,96.125924588461,0
16,72,0.849560631508341,0,0,0,2,0,96.125924588461,0
16,96,0,1,1,200,1,0,96.125924588461,0
16,96,0.92639741139816,0,0,0,2,0,96.125924588461,0
16,120,0,1,1,200,1,0,96.125924588461,0
16,120,1.12421659763785,0,0,0,2,0,96.125924588461,0
16,144,0,1,1,200,1,0,96.125924588461,0
16,168,0,1,1,200,1,0,96.125924588461,0
16,168,1.11883248355868,0,0,0,2,0,96.125924588461,0
16,192,0,1,1,200,1,0,96.125924588461,0
16,192,1.38417388694925,0,0,0,2,0,96.125924588461,0
16,216,0,1,1,200,1,0,96.125924588461,0
16,240,0,1,1,200,1,0,96.125924588461,0
16,240,1.20977000924549,0,0,0,2,0,96.125924588461,0
16,264,0,1,1,200,1,0,96.125924588461,0
16,264,1.59662892693753,0,0,0,2,0,96.125924588461,0
16,288,0,1,1,200,1,0,96.125924588461,0
16,288,1.23214097301834,0,0,0,2,0,96.125924588461,0
16,312,0,1,1,200,1,0,96.125924588461,0
16,312.5,2.44600777369359,0,0,0,2,0,96.125924588461,0
16,313,3.48994856569728,0,0,0,2,0,96.125924588461,0
16,314,4.18008412523073,0,0,0,2,0,96.125924588461,0
16,316,3.62675736979129,0,0,0,2,0,96.125924588461,0
16,320,3.75339028965353,0,0,0,2,0,96.125924588461,0
16,324,2.67582688465157,0,0,0,2,0,96.125924588461,0
16,336,1.56240273160788,0,0,0,2,0,96.125924588461,0
17,0,0,1,1,200,1,0,61.6692635192283,0
17,0.5,2.91694864456478,0,0,0,2,0,61.6692635192283,0
17,1,5.10517942216359,0,0,0,2,0,61.6692635192283,0
17,2,4.76939076897256,0,0,0,2,0,61.6692635192283,0
17,4,4.33133317814394,0,0,0,2,0,61.6692635192283,0
17,8,2.9734699164911,0,0,0,2,0,61.6692635192283,0
17,12,2.15810365059539,0,0,0,2,0,61.6692635192283,0
17,24,0,1,1,200,1,0,61.6692635192283,0
17,24,0.695356740389611,0,0,0,2,0,61.6692635192283,0
17,48,0,1,1,200,1,0,61.6692635192283,0
17,48,0.919587608394332,0,0,0,2,0,61.6692635192283,0
17,72,0,1,1,200,1,0,61.6692635192283,0
17,72,0.673984789895117,0,0,0,2,0,61.6692635192283,0
17,96,0,1,1,200,1,0,61.6692635192283,0
17,96,0.804158374457457,0,0,0,2,0,61.6692635192283,0
17,120,0,1,1,200,1,0,61.6692635192283,0
17,120,1.04917172198187,0,0,0,2,0,61.6692635192283,0
17,144,0,1,1,200,1,0,61.6692635192283,0
17,168,0,1,1,200,1,0,61.6692635192283,0
17,168,1.3114538452207,0,0,0,2,0,61.6692635192283,0
17,192,0,1,1,200,1,0,61.6692635192283,0
17,192,1.545644629305,0,0,0,2,0,61.6692635192283,0
17,216,0,1,1,200,1,0,61.6692635192283,0
17,240,0,1,1,200,1,0,61.6692635192283,0
17,240,1.52496413092903,0,0,0,2,0,61.6692635192283,0
17,264,0,1,1,200,1,0,61.6692635192283,0
17,264,1.61204761605816,0,0,0,2,0,61.6692635192283,0
17,288,0,1,1,200,1,0,61.6692635192283,0
17,288,1.7476668608407,0,0,0,2,0,61.6692635192283,0
17,312,0,1,1,200,1,0,61.6692635192283,0
17,312.5,5.90412986174449,0,0,0,2,0,61.6692635192283,0
17,313,5.68148464291756,0,0,0,2,0,61.6692635192283,0
17,314,6.30336536284237,0,0,0,2,0,61.6692635192283,0
17,316,8.05209562454762,0,0,0,2,0,61.6692635192283,0
17,320,5.36899540216273,0,0,0,2,0,61.6692635192283,0
17,324,3.81592464240032,0,0,0,2,0,61.6692635192283,0
17,336,2.20927776461027,0,0,0,2,0,61.6692635192283,0
18,0,0,1,1,200,1,0,86.7357024274855,1
18,0.5,1.61778274194204,0,0,0,2,0,86.7357024274855,1
18,1,1.98194287170837,0,0,0,2,0,86.7357024274855,1
18,2,2.84358830861997,0,0,0,2,0,86.7357024274855,1
18,4,2.586078215262,0,0,0,2,0,86.7357024274855,1
18,8,2.36173089974871,0,0,0,2,0,86.7357024274855,1
18,12,1.42652104664287,0,0,0,2,0,86.7357024274855,1
18,24,0,1,1,200,1,0,86.7357024274855,1
18,24,0.893894207833578,0,0,0,2,0,86.7357024274855,1
18,48,0,1,1,200,1,0,86.7357024274855,1
18,48,1.04055301316798,0,0,0,2,0,86.7357024274855,1
18,72,0,1,1,200,1,0,86.7357024274855,1
18,72,1.19617416272052,0,0,0,2,0,86.7357024274855,1
18,96,0,1,1,200,1,0,86.7357024274855,1
18,96,1.43457557603546,0,0,0,2,0,86.7357024274855,1
18,120,0,1,1,200,1,0,86.7357024274855,1
18,120,1.62963650360029,0,0,0,2,0,86.7357024274855,1
18,144,0,1,1,200,1,0,86.7357024274855,1
18,168,0,1,1,200,1,0,86.7357024274855,1
18,168,1.56211054841499,0,0,0,2,0,86.7357024274855,1
18,192,0,1,1,200,1,0,86.7357024274855,1
18,192,1.67929431956539,0,0,0,2,0,86.7357024274855,1
18,216,0,1,1,200,1,0,86.7357024274855,1
18,240,0,1,1,200,1,0,86.7357024274855,1
18,240,1.86045262869313,0,0,0,2,0,86.7357024274855,1
18,264,0,1,1,200,1,0,86.7357024274855,1
18,264,2.0681644647678,0,0,0,2,0,86.7357024274855,1
18,288,0,1,1,200,1,0,86.7357024274855,1
18,288,2.02299124502469,0,0,0,2,0,86.7357024274855,1
18,312,0,1,1,200,1,0,86.7357024274855,1
18,312.5,4.29380509978226,0,0,0,2,0,86.7357024274855,1
18,313,4.30347370709341,0,0,0,2,0,86.7357024274855,1
18,314,4.90520638529929,0,0,0,2,0,86.7357024274855,1
18,316,4.71130592063362,0,0,0,2,0,86.7357024274855,1
18,320,4.50069239902839,0,0,0,2,0,86.7357024274855,1
18,324,3.07720650544766,0,0,0,2,0,86.7357024274855,1
18,336,2.50931320609621,0,0,0,2,0,86.7357024274855,1
19,0,0,1,1,200,1,0,100.015786850476,0
19,0.5,2.33436865463608,0,0,0,2,0,100.015786850476,0
19,1,2.70757624136156,0,0,0,2,0,100.015786850476,0
19,2,3.15309638454648,0,0,0,2,0,100.015786850476,0
19,4,2.77510468462425,0,0,0,2,0,100.015786850476,0
19,8,1.19481866042812,0,0,0,2,0,100.015786850476,0
19,12,0.69521933067343,0,0,0,2,0,100.015786850476,0
19,24,0,1,1,200,1,0,100.015786850476,0
19,24,0.0941700226824294,0,0,0,2,0,100.015786850476,0
19,48,0,1,1,200,1,0,100.015786850476,0
19,48,0.100752130461158,0,0,0,2,0,100.015786850476,0
19,72,0,1,1,200,1,0,100.015786850476,0
19,72,0.11696549131704,0,0,0,2,0,100.015786850476,0
19,96,0,1,1,200,1,0,100.015786850476,0
19,96,0.140387403854536,0,0,0,2,0,100.015786850476,0
19,120,0,1,1,200,1,0,100.015786850476,0
19,120,0.143519692690068,0,0,0,2,0,100.015786850476,0
19,144,0,1,1,200,1,0,100.015786850476,0
19,168,0,1,1,200,1,0,100.015786850476,0
19,168,0.218434303065712,0,0,0,2,0,100.015786850476,0
19,192,0,1,1,200,1,0,100.015786850476,0
19,192,0.227875327066724,0,0,0,2,0,100.015786850476,0
19,216,0,1,1,200,1,0,100.015786850476,0
19,240,0,1,1,200,1,0,100.015786850476,0
19,240,0.220133305047789,0,0,0,2,0,100.015786850476,0
19,264,0,1,1,200,1,0,100.015786850476,0
19,264,0.266424865944697,0,0,0,2,0,100.015786850476,0
19,288,0,1,1,200,1,0,100.015786850476,0
19,288,0.372321254697593,0,0,0,2,0,100.015786850476,0
19,312,0,1,1,200,1,0,100.015786850476,0
19,312.5,3.00453864086685,0,0,0,2,0,100.015786850476,0
19,313,3.60513377698465,0,0,0,2,0,100.015786850476,0
19,314,3.71580661358558,0,0,0,2,0,100.015786850476,0
19,316,3.02973886661809,0,0,0,2,0,100.015786850476,0
19,320,1.91162744424158,0,0,0,2,0,100.015786850476,0
19,324,1.48561907534902,0,0,0,2,0,100.015786850476,0
19,336,0.472509280932529,0,0,0,2,0,100.015786850476,0
20,0,0,1,1,200,1,0,58.5675592494094,1
20,0.5,1.05928836969509,0,0,0,2,0,58.5675592494094,1
20,1,1.64905496949072,0,0,0,2,0,58.5675592494094,1
20,2,2.61712980058146,0,0,0,2,0,58.5675592494094,1
20,4,2.59719411355522,0,0,0,2,0,58.5675592494094,1
20,8,1.75022670132703,0,0,0,2,0,58.5675592494094,1
20,12,1.32107958625293,0,0,0,2,0,58.5675592494094,1
20,24,0,1,1,200,1,0,58.5675592494094,1
20,24,0.683524025269786,0,0,0,2,0,58.5675592494094,1
20,48,0,1,1,200,1,0,58.5675592494094,1
20,48,0.917992863301933,0,0,0,2,0,58.5675592494094,1
20,72,0,1,1,200,1,0,58.5675592494094,1
20,72,1.01651984205957,0,0,0,2,0,58.5675592494094,1
20,96,0,1,1,200,1,0,58.5675592494094,1
20,96,0.973917514559025,0,0,0,2,0,58.5675592494094,1
20,120,0,1,1,200,1,0,58.5675592494094,1
20,120,1.05636035147566,0,0,0,2,0,58.5675592494094,1
20,144,0,1,1,200,1,0,58.5675592494094,1
20,168,0,1,1,200,1,0,58.5675592494094,1
20,168,1.01175597799834,0,0,0,2,0,58.5675592494094,1
20,192,0,1,1,200,1,0,58.5675592494094,1
20,192,1.31082140468031,0,0,0,2,0,58.5675592494094,1
20,216,0,1,1,200,1,0,58.5675592494094,1
20,240,0,1,1,200,1,0,58.5675592494094,1
20,240,1.4082142317671,0,0,0,2,0,58.5675592494094,1
20,264,0,1,1,200,1,0,58.5675592494094,1
20,264,1.36701138978845,0,0,0,2,0,58.5675592494094,1
20,288,0,1,1,200,1,0,58.5675592494094,1
20,288,1.45203257596778,0,0,0,2,0,58.5675592494094,1
20,312,0,1,1,200,1,0,58.5675592494094,1
20,312.5,2.32338217869143,0,0,0,2,0,58.5675592494094,1
20,313,2.91170210438258,0,0,0,2,0,58.5675592494094,1
20,314,3.99742783047813,0,0,0,2,0,58.5675592494094,1
20,316,3.49135831008574,0,0,0,2,0,58.5675592494094,1
20,320,3.43970449422388,0,0,0,2,0,58.5675592494094,1
20,324,2.41420091737087,0,0,0,2,0,58.5675592494094,1
20,336,1.80596304181216,0,0,0,2,0,58.5675592494094,1
21,0,0,1,1,200,1,0,59.2143982215641,0
21,0.5,1.34031342719363,0,0,0,2,0,59.2143982215641,0
21,1,2.15628647023934,0,0,0,2,0,59.2143982215641,0
21,2,2.44523571774148,0,0,0,2,0,59.2143982215641,0
21,4,2.01706083802589,0,0,0,2,0,59.2143982215641,0
21,8,1.6623129356395,0,0,0,2,0,59.2143982215641,0
21,12,0.84482889141171,0,0,0,2,0,59.2143982215641,0
21,24,0,1,1,200,1,0,59.2143982215641,0
21,24,0.13609079299204,0,0,0,2,0,59.2143982215641,0
21,48,0,1,1,200,1,0,59.2143982215641,0
21,48,0.164717977279873,0,0,0,2,0,59.2143982215641,0
21,72,0,1,1,200,1,0,59.2143982215641,0
21,72,0.210531105723301,0,0,0,2,0,59.2143982215641,0
21,96,0,1,1,200,1,0,59.2143982215641,0
21,96,0.177632691201412,0,0,0,2,0,59.2143982215641,0
21,120,0,1,1,200,1,0,59.2143982215641,0
21,120,0.24224089865856,0,0,0,2,0,59.2143982215641,0
21,144,0,1,1,200,1,0,59.2143982215641,0
21,168,0,1,1,200,1,0,59.2143982215641,0
21,168,0.257427598383224,0,0,0,2,0,59.2143982215641,0
21,192,0,1,1,200,1,0,59.2143982215641,0
21,192,0.368044123010199,0,0,0,2,0,59.2143982215641,0
21,216,0,1,1,200,1,0,59.2143982215641,0
21,240,0,1,1,200,1,0,59.2143982215641,0
21,240,0.423843368445192,0,0,0,2,0,59.2143982215641,0
21,264,0,1,1,200,1,0,59.2143982215641,0
21,264,0.435308227498418,0,0,0,2,0,59.2143982215641,0
21,288,0,1,1,200,1,0,59.2143982215641,0
21,288,0.468539379621827,0,0,0,2,0,59.2143982215641,0
21,312,0,1,1,200,1,0,59.2143982215641,0
21,312.5,2.03180658671268,0,0,0,2,0,59.2143982215641,0
21,313,2.40746582387266,0,0,0,2,0,59.2143982215641,0
21,314,3.06196032161676,0,0,0,2,0,59.2143982215641,0
21,316,3.19536602850409,0,0,0,2,0,59.2143982215641,0
21,320,2.3803985901981,0,0,0,2,0,59.2143982215641,0
21,324,1.50259875402943,0,0,0,2,0,59.2143982215641,0
21,336,0.590307823182957,0,0,0,2,0,59.2143982215641,0
22,0,0,1,1,200,1,0,40,0
22,0.5,2.17651461955642,0,0,0,2,0,40,0
22,1,2.6772661313926,0,0,0,2,0,40,0
22,2,3.34989325355805,0,0,0,2,0,40,0
22,4,2.75117152595008,0,0,0,2,0,40,0
22,8,1.74856636898527,0,0,0,2,0,40,0
22,12,1.01036930322024,0,0,0,2,0,40,0
22,24,0,1,1,200,1,0,40,0
22,24,0.143056191083576,0,0,0,2,0,40,0
22,48,0,1,1,200,1,0,40,0
22,48,0.195220415941826,0,0,0,2,0,40,0
22,72,0,1,1,200,1,0,40,0
22,72,0.242336589678654,0,0,0,2,0,40,0
22,96,0,1,1,200,1,0,40,0
22,96,0.231546526313868,0,0,0,2,0,40,0
22,120,0,1,1,200,1,0,40,0
22,120,0.250128729110623,0,0,0,2,0,40,0
22,144,0,1,1,200,1,0,40,0
22,168,0,1,1,200,1,0,40,0
22,168,0.389817416995245,0,0,0,2,0,40,0
22,192,0,1,1,200,1,0,40,0
22,192,0.387806141871324,0,0,0,2,0,40,0
22,216,0,1,1,200,1,0,40,0
22,240,0,1,1,200,1,0,40,0
22,240,0.486422505836686,0,0,0,2,0,40,0
22,264,0,1,1,200,1,0,40,0
22,264,0.462355890171084,0,0,0,2,0,40,0
22,288,0,1,1,200,1,0,40,0
22,288,0.591707805852449,0,0,0,2,0,40,0
22,312,0,1,1,200,1,0,40,0
22,312.5,2.55451988110807,0,0,0,2,0,40,0
22,313,3.37013931262189,0,0,0,2,0,40,0
22,314,4.2993026480626,0,0,0,2,0,40,0
22,316,3.28737508120093,0,0,0,2,0,40,0
22,320,2.81511803945026,0,0,0,2,0,40,0
22,324,1.95238411268937,0,0,0,2,0,40,0
22,336,0.604862574693482,0,0,0,2,0,40,0
23,0,0,1,1,200,1,0,63.9848569782557,0
23,0.5,0.857446497192951,0,0,0,2,0,63.9848569782557,0
23,1,1.11910520943314,0,0,0,2,0,63.9848569782557,0
23,2,1.96166548077175,0,0,0,2,0,63.9848569782557,0
23,4,1.57057775331363,0,0,0,2,0,63.9848569782557,0
23,8,1.80631846666295,0,0,0,2,0,63.9848569782557,0
23,12,1.3624363912097,0,0,0,2,0,63.9848569782557,0
23,24,0,1,1,200,1,0,63.9848569782557,0
23,24,0.734185478676034,0,0,0,2,0,63.9848569782557,0
23,48,0,1,1,200,1,0,63.9848569782557,0
23,48,0.893583011842884,0,0,0,2,0,63.9848569782557,0
23,72,0,1,1,200,1,0,63.9848569782557,0
23,72,1.15612139255363,0,0,0,2,0,63.9848569782557,0
23,96,0,1,1,200,1,0,63.9848569782557,0
23,96,1.35926732590146,0,0,0,2,0,63.9848569782557,0
23,120,0,1,1,200,1,0,63.9848569782557,0
23,120,1.2715649328552,0,0,0,2,0,63.9848569782557,0
23,144,0,1,1,200,1,0,63.9848569782557,0
23,168,0,1,1,200,1,0,63.9848569782557,0
23,168,1.3943140531539,0,0,0,2,0,63.9848569782557,0
23,192,0,1,1,200,1,0,63.9848569782557,0
23,192,1.41151725889167,0,0,0,2,0,63.9848569782557,0
23,216,0,1,1,200,1,0,63.9848569782557,0
23,240,0,1,1,200,1,0,63.9848569782557,0
23,240,1.47377506328984,0,0,0,2,0,63.9848569782557,0
23,264,0,1,1,200,1,0,63.9848569782557,0
23,264,2.04162296593785,0,0,0,2,0,63.9848569782557,0
23,288,0,1,1,200,1,0,63.9848569782557,0
23,288,1.76488511368141,0,0,0,2,0,63.9848569782557,0
23,312,0,1,1,200,1,0,63.9848569782557,0
23,312.5,2.83317476555372,0,0,0,2,0,63.9848569782557,0
23,313,3.70067434605004,0,0,0,2,0,63.9848569782557,0
23,314,3.95928392026877,0,0,0,2,0,63.9848569782557,0
23,316,4.27352953186002,0,0,0,2,0,63.9848569782557,0
23,320,3.23632766778379,0,0,0,2,0,63.9848569782557,0
23,324,3.13212298709557,0,0,0,2,0,63.9848569782557,0
23,336,1.94878697197526,0,0,0,2,0,63.9848569782557,0
24,0,0,1,1,200,1,0,80.7144351043647,1
24,0.5,1.34301120679694,0,0,0,2,0,80.7144351043647,1
24,1,2.21874672290005,0,0,0,2,0,80.7144351043647,1
24,2,3.22571395297716,0,0,0,2,0,80.7144351043647,1
24,4,2.56082882726237,0,0,0,2,0,80.7144351043647,1
24,8,1.5923699368263,0,0,0,2,0,80.7144351043647,1
24,12,1.13137380716337,0,0,0,2,0,80.7144351043647,1
24,24,0,1,1,200,1,0,80.7144351043647,1
24,24,0.315427454127238,0,0,0,2,0,80.7144351043647,1
24,48,0,1,1,200,1,0,80.7144351043647,1
24,48,0.433738586510933,0,0,0,2,0,80.7144351043647,1
24,72,0,1,1,200,1,0,80.7144351043647,1
24,72,0.434870104612333,0,0,0,2,0,80.7144351043647,1
24,96,0,1,1,200,1,0,80.7144351043647,1
24,96,0.559276188958891,0,0,0,2,0,80.7144351043647,1
24,120,0,1,1,200,1,0,80.7144351043647,1
24,120,0.546699790282044,0,0,0,2,0,80.7144351043647,1
24,144,0,1,1,200,1,0,80.7144351043647,1
24,168,0,1,1,200,1,0,80.7144351043647,1
24,168,0.654418632849654,0,0,0,2,0,80.7144351043647,1
24,192,0,1,1,200,1,0,80.7144351043647,1
24,192,0.666961915807199,0,0,0,2,0,80.7144351043647,1
24,216,0,1,1,200,1,0,80.7144351043647,1
24,240,0,1,1,200,1,0,80.7144351043647,1
24,240,0.856029654997026,0,0,0,2,0,80.7144351043647,1
24,264,0,1,1,200,1,0,80.7144351043647,1
24,264,0.774750255029505,0,0,0,2,0,80.7144351043647,1
24,288,0,1,1,200,1,0,80.7144351043647,1
24,288,0.869214566820192,0,0,0,2,0,80.7144351043647,1
24,312,0,1,1,200,1,0,80.7144351043647,1
24,312.5,2.50784037951269,0,0,0,2,0,80.7144351043647,1
24,313,3.40251544496647,0,0,0,2,0,80.7144351043647,1
24,314,3.17449264860141,0,0,0,2,0,80.7144351043647,1
24,316,3.18074331812466,0,0,0,2,0,80.7144351043647,1
24,320,2.80871156501734,0,0,0,2,0,80.7144351043647,1
24,324,1.96548415346198,0,0,0,2,0,80.7144351043647,1
24,336,1.23261771990467,0,0,0,2,0,80.7144351043647,1
25,0,0,1,1,200,1,0,73.7081259108501,1
25,0.5,1.78908533146938,0,0,0,2,0,73.7081259108501,1
25,1,2.41820105777464,0,0,0,2,0,73.7081259108501,1
25,2,3.21596173059009,0,0,0,2,0,73.7081259108501,1
25,4,3.39565644535312,0,0,0,2,0,73.7081259108501,1
25,8,2.96249543738141,0,0,0,2,0,73.7081259108501,1
25,12,1.86923727118431,0,0,0,2,0,73.7081259108501,1
25,24,0,1,1,200,1,0,73.7081259108501,1
25,24,0.792838172706953,0,0,0,2,0,73.7081259108501,1
25,48,0,1,1,200,1,0,73.7081259108501,1
25,48,0.907420323360806,0,0,0,2,0,73.7081259108501,1
25,72,0,1,1,200,1,0,73.7081259108501,1
25,72,1.23210218237143,0,0,0,2,0,73.7081259108501,1
25,96,0,1,1,200,1,0,73.7081259108501,1
25,96,1.34435533513555,0,0,0,2,0,73.7081259108501,1
25,120,0,1,1,200,1,0,73.7081259108501,1
25,120,1.31138548011639,0,0,0,2,0,73.7081259108501,1
25,144,0,1,1,200,1,0,73.7081259108501,1
25,168,0,1,1,200,1,0,73.7081259108501,1
25,168,1.68589402713045,0,0,0,2,0,73.7081259108501,1
25,192,0,1,1,200,1,0,73.7081259108501,1
25,192,1.75065132237398,0,0,0,2,0,73.7081259108501,1
25,216,0,1,1,200,1,0,73.7081259108501,1
25,240,0,1,1,200,1,0,73.7081259108501,1
25,240,1.86729251153739,0,0,0,2,0,73.7081259108501,1
25,264,0,1,1,200,1,0,73.7081259108501,1
25,264,2.03075020299264,0,0,0,2,0,73.7081259108501,1
25,288,0,1,1,200,1,0,73.7081259108501,1
25,288,2.17599727360648,0,0,0,2,0,73.7081259108501,1
25,312,0,1,1,200,1,0,73.7081259108501,1
25,312.5,4.68040489295068,0,0,0,2,0,73.7081259108501,1
25,313,4.94939401966508,0,0,0,2,0,73.7081259108501,1
25,314,5.77737561280018,0,0,0,2,0,73.7081259108501,1
25,316,5.61049083085083,0,0,0,2,0,73.7081259108501,1
25,320,5.23291189015361,0,0,0,2,0,73.7081259108501,1
25,324,4.56418393118784,0,0,0,2,0,73.7081259108501,1
25,336,1.81738270151133,0,0,0,2,0,73.7081259108501,1
26,0,0,1,1,200,1,0,73.1788930592456,1
26,0.5,1.55062665212807,0,0,0,2,0,73.1788930592456,1
26,1,2.12854139490761,0,0,0,2,0,73.1788930592456,1
26,2,3.17072583496887,0,0,0,2,0,73.1788930592456,1
26,4,2.67645803786061,0,0,0,2,0,73.1788930592456,1
26,8,2.24717558284849,0,0,0,2,0,73.1788930592456,1
26,12,1.28682156286177,0,0,0,2,0,73.1788930592456,1
26,24,0,1,1,200,1,0,73.1788930592456,1
26,24,0.610598790991841,0,0,0,2,0,73.1788930592456,1
26,48,0,1,1,200,1,0,73.1788930592456,1
26,48,0.614221020087804,0,0,0,2,0,73.1788930592456,1
26,72,0,1,1,200,1,0,73.1788930592456,1
26,72,0.795921201179458,0,0,0,2,0,73.1788930592456,1
26,96,0,1,1,200,1,0,73.1788930592456,1
26,96,0.848535622046259,0,0,0,2,0,73.1788930592456,1
26,120,0,1,1,200,1,0,73.1788930592456,1
26,120,0.834405797324618,0,0,0,2,0,73.1788930592456,1
26,144,0,1,1,200,1,0,73.1788930592456,1
26,168,0,1,1,200,1,0,73.1788930592456,1
26,168,1.04019187812338,0,0,0,2,0,73.1788930592456,1
26,192,0,1,1,200,1,0,73.1788930592456,1
26,192,1.07488183147554,0,0,0,2,0,73.1788930592456,1
26,216,0,1,1,200,1,0,73.1788930592456,1
26,240,0,1,1,200,1,0,73.1788930592456,1
26,240,1.2379182271761,0,0,0,2,0,73.1788930592456,1
26,264,0,1,1,200,1,0,73.1788930592456,1
26,264,1.19754938864496,0,0,0,2,0,73.1788930592456,1
26,288,0,1,1,200,1,0,73.1788930592456,1
26,288,1.37451805476308,0,0,0,2,0,73.1788930592456,1
26,312,0,1,1,200,1,0,73.1788930592456,1
26,312.5,2.85417484801801,0,0,0,2,0,73.1788930592456,1
26,313,3.67721812434617,0,0,0,2,0,73.1788930592456,1
26,314,4.39462141137493,0,0,0,2,0,73.1788930592456,1
26,316,3.62717673151618,0,0,0,2,0,73.1788930592456,1
26,320,4.00242048541445,0,0,0,2,0,73.1788930592456,1
26,324,3.28513552893826,0,0,0,2,0,73.1788930592456,1
26,336,1.51545377408856,0,0,0,2,0,73.1788930592456,1
27,0,0,1,1,200,1,0,79.8179902735255,1
27,0.5,1.51897159200024,0,0,0,2,0,79.8179902735255,1
27,1,2.19613063672031,0,0,0,2,0,79.8179902735255,1
27,2,2.45609414369169,0,0,0,2,0,79.8179902735255,1
27,4,2.68220549275544,0,0,0,2,0,79.8179902735255,1
27,8,1.56603466989,0,0,0,2,0,79.8179902735255,1
27,12,1.13343477160432,0,0,0,2,0,79.8179902735255,1
27,24,0,1,1,200,1,0,79.8179902735255,1
27,24,0.321280470746232,0,0,0,2,0,79.8179902735255,1
27,48,0,1,1,200,1,0,79.8179902735255,1
27,48,0.292561094673357,0,0,0,2,0,79.8179902735255,1
27,72,0,1,1,200,1,0,79.8179902735255,1
27,72,0.500988227899905,0,0,0,2,0,79.8179902735255,1
27,96,0,1,1,200,1,0,79.8179902735255,1
27,96,0.487068517233813,0,0,0,2,0,79.8179902735255,1
27,120,0,1,1,200,1,0,79.8179902735255,1
27,120,0.461081198791719,0,0,0,2,0,79.8179902735255,1
27,144,0,1,1,200,1,0,79.8179902735255,1
27,168,0,1,1,200,1,0,79.8179902735255,1
27,168,0.576035648977541,0,0,0,2,0,79.8179902735255,1
27,192,0,1,1,200,1,0,79.8179902735255,1
27,192,0.54955389237479,0,0,0,2,0,79.8179902735255,1
27,216,0,1,1,200,1,0,79.8179902735255,1
27,240,0,1,1,200,1,0,79.8179902735255,1
27,240,0.74747153596898,0,0,0,2,0,79.8179902735255,1
27,264,0,1,1,200,1,0,79.8179902735255,1
27,264,0.975541181243803,0,0,0,2,0,79.8179902735255,1
27,288,0,1,1,200,1,0,79.8179902735255,1
27,288,0.837813165043775,0,0,0,2,0,79.8179902735255,1
27,312,0,1,1,200,1,0,79.8179902735255,1
27,312.5,2.8281549837539,0,0,0,2,0,79.8179902735255,1
27,313,3.65226362115362,0,0,0,2,0,79.8179902735255,1
27,314,4.04651930391072,0,0,0,2,0,79.8179902735255,1
27,316,3.77306053528284,0,0,0,2,0,79.8179902735255,1
27,320,3.29267617261104,0,0,0,2,0,79.8179902735255,1
27,324,2.28177241754619,0,0,0,2,0,79.8179902735255,1
27,336,1.19483254933712,0,0,0,2,0,79.8179902735255,1
28,0,0,1,1,200,1,0,74.662516426247,1
28,0.5,1.7384240156263,0,0,0,2,0,74.662516426247,1
28,1,2.76532591621148,0,0,0,2,0,74.662516426247,1
28,2,3.24271165608839,0,0,0,2,0,74.662516426247,1
28,4,3.2172836319695,0,0,0,2,0,74.662516426247,1
28,8,2.11521065784474,0,0,0,2,0,74.662516426247,1
28,12,1.7033406341503,0,0,0,2,0,74.662516426247,1
28,24,0,1,1,200,1,0,74.662516426247,1
28,24,0.747854368309761,0,0,0,2,0,74.662516426247,1
28,48,0,1,1,200,1,0,74.662516426247,1
28,48,0.961427867075965,0,0,0,2,0,74.662516426247,1
28,72,0,1,1,200,1,0,74.662516426247,1
28,72,1.01564353821148,0,0,0,2,0,74.662516426247,1
28,96,0,1,1,200,1,0,74.662516426247,1
28,96,1.25996276790363,0,0,0,2,0,74.662516426247,1
28,120,0,1,1,200,1,0,74.662516426247,1
28,120,1.24479243835123,0,0,0,2,0,74.662516426247,1
28,144,0,1,1,200,1,0,74.662516426247,1
28,168,0,1,1,200,1,0,74.662516426247,1
28,168,1.36349011649329,0,0,0,2,0,74.662516426247,1
28,192,0,1,1,200,1,0,74.662516426247,1
28,192,1.39094837439386,0,0,0,2,0,74.662516426247,1
28,216,0,1,1,200,1,0,74.662516426247,1
28,240,0,1,1,200,1,0,74.662516426247,1
28,240,1.5344275064338,0,0,0,2,0,74.662516426247,1
28,264,0,1,1,200,1,0,74.662516426247,1
28,264,1.6066419240635,0,0,0,2,0,74.662516426247,1
28,288,0,1,1,200,1,0,74.662516426247,1
28,288,2.11326339992576,0,0,0,2,0,74.662516426247,1
28,312,0,1,1,200,1,0,74.662516426247,1
28,312.5,4.07765018973766,0,0,0,2,0,74.662516426247,1
28,313,4.18372070643084,0,0,0,2,0,74.662516426247,1
28,314,5.30298139488299,0,0,0,2,0,74.662516426247,1
28,316,4.60092737632703,0,0,0,2,0,74.662516426247,1
28,320,3.73707467180116,0,0,0,2,0,74.662516426247,1
28,324,3.00735843550194,0,0,0,2,0,74.662516426247,1
28,336,1.8628099795562,0,0,0,2,0,74.662516426247,1
29,0,0,1,1,200,1,0,76.515027012165,0
29,0.5,1.29036004329085,0,0,0,2,0,76.515027012165,0
29,1,1.68661381728428,0,0,0,2,0,76.515027012165,0
29,2,2.03256692799885,0,0,0,2,0,76.515027012165,0
29,4,2.12449008289353,0,0,0,2,0,76.515027012165,0
29,8,1.45225915905025,0,0,0,2,0,76.515027012165,0
29,12,0.970908210741343,0,0,0,2,0,76.515027012165,0
29,24,0,1,1,200,1,0,76.515027012165,0
29,24,0.504872300240388,0,0,0,2,0,76.515027012165,0
29,48,0,1,1,200,1,0,76.515027012165,0
29,48,0.555461106974251,0,0,0,2,0,76.515027012165,0
29,72,0,1,1,200,1,0,76.515027012165,0
29,72,0.496442788889448,0,0,0,2,0,76.515027012165,0
29,96,0,1,1,200,1,0,76.515027012165,0
29,96,0.539455822584936,0,0,0,2,0,76.515027012165,0
29,120,0,1,1,200,1,0,76.515027012165,0
29,120,0.677197946764264,0,0,0,2,0,76.515027012165,0
29,144,0,1,1,200,1,0,76.515027012165,0
29,168,0,1,1,200,1,0,76.515027012165,0
29,168,0.744484285205756,0,0,0,2,0,76.515027012165,0
29,192,0,1,1,200,1,0,76.515027012165,0
29,192,0.710401331992281,0,0,0,2,0,76.515027012165,0
29,216,0,1,1,200,1,0,76.515027012165,0
29,240,0,1,1,200,1,0,76.515027012165,0
29,240,0.953838904420698,0,0,0,2,0,76.515027012165,0
29,264,0,1,1,200,1,0,76.515027012165,0
29,264,1.04103592955432,0,0,0,2,0,76.515027012165,0
29,288,0,1,1,200,1,0,76.515027012165,0
29,288,0.996489973782118,0,0,0,2,0,76.515027012165,0
29,312,0,1,1,200,1,0,76.515027012165,0
29,312.5,2.21642522475623,0,0,0,2,0,76.515027012165,0
29,313,3.27239218352191,0,0,0,2,0,76.515027012165,0
29,314,3.64772153654253,0,0,0,2,0,76.515027012165,0
29,316,3.04460933328683,0,0,0,2,0,76.515027012165,0
29,320,2.9253952152606,0,0,0,2,0,76.515027012165,0
29,324,1.91579664324521,0,0,0,2,0,76.515027012165,0
29,336,1.01832222932788,0,0,0,2,0,76.515027012165,0
30,0,0,1,1,200,1,0,56.4925048284316,1
30,0.5,1.60504581716024,0,0,0,2,0,56.4925048284316,1
30,1,2.69045747119732,0,0,0,2,0,56.4925048284316,1
30,2,2.39393991870289,0,0,0,2,0,56.4925048284316,1
30,4,2.53575221522044,0,0,0,2,0,56.4925048284316,1
30,8,2.02251433777065,0,0,0,2,0,56.4925048284316,1
30,12,2.17470640469447,0,0,0,2,0,56.4925048284316,1
30,24,0,1,1,200,1,0,56.4925048284316,1
30,24,1.49489084085128,0,0,0,2,0,56.4925048284316,1
30,48,0,1,1,200,1,0,56.4925048284316,1
30,48,1.95641601705352,0,0,0,2,0,56.4925048284316,1
30,72,0,1,1,200,1,0,56.4925048284316,1
30,72,2.52663449581541,0,0,0,2,0,56.4925048284316,1
30,96,0,1,1,200,1,0,56.4925048284316,1
30,96,3.37948376848078,0,0,0,2,0,56.4925048284316,1
30,120,0,1,1,200,1,0,56.4925048284316,1
30,120,3.00407303905884,0,0,0,2,0,56.4925048284316,1
30,144,0,1,1,200,1,0,56.4925048284316,1
30,168,0,1,1,200,1,0,56.4925048284316,1
30,168,2.95837770668783,0,0,0,2,0,56.4925048284316,1
30,192,0,1,1,200,1,0,56.4925048284316,1
30,192,3.67823314654521,0,0,0,2,0,56.4925048284316,1
30,216,0,1,1,200,1,0,56.4925048284316,1
30,240,0,1,1,200,1,0,56.4925048284316,1
30,240,3.91985838632891,0,0,0,2,0,56.4925048284316,1
30,264,0,1,1,200,1,0,56.4925048284316,1
30,264,3.75023995352244,0,0,0,2,0,56.4925048284316,1
30,288,0,1,1,200,1,0,56.4925048284316,1
30,288,4.1718074303543,0,0,0,2,0,56.4925048284316,1
30,312,0,1,1,200,1,0,56.4925048284316,1
30,312.5,5.50440653954063,0,0,0,2,0,56.4925048284316,1
30,313,6.20177563691352,0,0,0,2,0,56.4925048284316,1
30,314,7.64653601478104,0,0,0,2,0,56.4925048284316,1
30,316,7.20187347988505,0,0,0,2,0,56.4925048284316,1
30,320,6.28342342490223,0,0,0,2,0,56.4925048284316,1
30,324,6.20249348267317,0,0,0,2,0,56.4925048284316,1
30,336,4.99939287873909,0,0,0,2,0,56.4925048284316,1
31,0,0,1,1,200,1,0,79.7026937991672,0
31,0.5,1.77203231487482,0,0,0,2,0,79.7026937991672,0
31,1,2.38780429103409,0,0,0,2,0,79.7026937991672,0
31,2,3.27145432764084,0,0,0,2,0,79.7026937991672,0
31,4,3.02494330031443,0,0,0,2,0,79.7026937991672,0
31,8,1.52958503183857,0,0,0,2,0,79.7026937991672,0
31,12,0.757676640023774,0,0,0,2,0,79.7026937991672,0
31,24,0,1,1,200,1,0,79.7026937991672,0
31,24,0.172021620351393,0,0,0,2,0,79.7026937991672,0
31,48,0,1,1,200,1,0,79.7026937991672,0
31,48,0.28245352405499,0,0,0,2,0,79.7026937991672,0
31,72,0,1,1,200,1,0,79.7026937991672,0
31,72,0.280581015317958,0,0,0,2,0,79.7026937991672,0
31,96,0,1,1,200,1,0,79.7026937991672,0
31,96,0.306189299975383,0,0,0,2,0,79.7026937991672,0
31,120,0,1,1,200,1,0,79.7026937991672,0
31,120,0.290513023114295,0,0,0,2,0,79.7026937991672,0
31,144,0,1,1,200,1,0,79.7026937991672,0
31,168,0,1,1,200,1,0,79.7026937991672,0
31,168,0.429479508622829,0,0,0,2,0,79.7026937991672,0
31,192,0,1,1,200,1,0,79.7026937991672,0
31,192,0.420775074814597,0,0,0,2,0,79.7026937991672,0
31,216,0,1,1,200,1,0,79.7026937991672,0
31,240,0,1,1,200,1,0,79.7026937991672,0
31,240,0.547182591259442,0,0,0,2,0,79.7026937991672,0
31,264,0,1,1,200,1,0,79.7026937991672,0
31,264,0.610514975817854,0,0,0,2,0,79.7026937991672,0
31,288,0,1,1,200,1,0,79.7026937991672,0
31,288,0.474608156666678,0,0,0,2,0,79.7026937991672,0
31,312,0,1,1,200,1,0,79.7026937991672,0
31,312.5,2.82811016201881,0,0,0,2,0,79.7026937991672,0
31,313,3.52047821528196,0,0,0,2,0,79.7026937991672,0
31,314,4.19476613486748,0,0,0,2,0,79.7026937991672,0
31,316,3.99137481066243,0,0,0,2,0,79.7026937991672,0
31,320,2.07637611880812,0,0,0,2,0,79.7026937991672,0
31,324,1.94886237498806,0,0,0,2,0,79.7026937991672,0
31,336,0.75205722383707,0,0,0,2,0,79.7026937991672,0
32,0,0,1,1,200,1,0,89.7180243768686,0
32,0.5,1.09392525536926,0,0,0,2,0,89.7180243768686,0
32,1,1.63306817185008,0,0,0,2,0,89.7180243768686,0
32,2,2.8596746143428,0,0,0,2,0,89.7180243768686,0
32,4,3.05454502434871,0,0,0,2,0,89.7180243768686,0
32,8,1.83257388381315,0,0,0,2,0,89.7180243768686,0
32,12,1.3356119048211,0,0,0,2,0,89.7180243768686,0
32,24,0,1,1,200,1,0,89.7180243768686,0
32,24,0.92776453676421,0,0,0,2,0,89.7180243768686,0
32,48,0,1,1,200,1,0,89.7180243768686,0
32,48,1.20383002812436,0,0,0,2,0,89.7180243768686,0
32,72,0,1,1,200,1,0,89.7180243768686,0
32,72,1.52262430426652,0,0,0,2,0,89.7180243768686,0
32,96,0,1,1,200,1,0,89.7180243768686,0
32,96,1.42062375391852,0,0,0,2,0,89.7180243768686,0
32,120,0,1,1,200,1,0,89.7180243768686,0
32,120,1.59164836362201,0,0,0,2,0,89.7180243768686,0
32,144,0,1,1,200,1,0,89.7180243768686,0
32,168,0,1,1,200,1,0,89.7180243768686,0
32,168,1.77784845458137,0,0,0,2,0,89.7180243768686,0
32,192,0,1,1,200,1,0,89.7180243768686,0
32,192,1.89976728234683,0,0,0,2,0,89.7180243768686,0
32,216,0,1,1,200,1,0,89.7180243768686,0
32,240,0,1,1,200,1,0,89.7180243768686,0
32,240,1.66056648367461,0,0,0,2,0,89.7180243768686,0
32,264,0,1,1,200,1,0,89.7180243768686,0
32,264,2.2261663464328,0,0,0,2,0,89.7180243768686,0
32,288,0,1,1,200,1,0,89.7180243768686,0
32,288,1.97505290692497,0,0,0,2,0,89.7180243768686,0
32,312,0,1,1,200,1,0,89.7180243768686,0
32,312.5,3.85736466245893,0,0,0,2,0,89.7180243768686,0
32,313,4.15302649157039,0,0,0,2,0,89.7180243768686,0
32,314,4.74307801682064,0,0,0,2,0,89.7180243768686,0
32,316,5.04747769158959,0,0,0,2,0,89.7180243768686,0
32,320,3.35059466519209,0,0,0,2,0,89.7180243768686,0
32,324,3.35502602601392,0,0,0,2,0,89.7180243768686,0
32,336,2.69790646856506,0,0,0,2,0,89.7180243768686,0
33,0,0,1,1,200,1,0,55.3933009806302,1
33,0.5,1.76786964609543,0,0,0,2,0,55.3933009806302,1
33,1,3.10203529593673,0,0,0,2,0,55.3933009806302,1
33,2,3.55883145466357,0,0,0,2,0,55.3933009806302,1
33,4,3.14969988632266,0,0,0,2,0,55.3933009806302,1
33,8,2.25664549246855,0,0,0,2,0,55.3933009806302,1
33,12,1.76442896887579,0,0,0,2,0,55.3933009806302,1
33,24,0,1,1,200,1,0,55.3933009806302,1
33,24,0.793826802748615,0,0,0,2,0,55.3933009806302,1
33,48,0,1,1,200,1,0,55.3933009806302,1
33,48,1.04098354049816,0,0,0,2,0,55.3933009806302,1
33,72,0,1,1,200,1,0,55.3933009806302,1
33,72,1.31567739441709,0,0,0,2,0,55.3933009806302,1
33,96,0,1,1,200,1,0,55.3933009806302,1
33,96,1.31448009456806,0,0,0,2,0,55.3933009806302,1
33,120,0,1,1,200,1,0,55.3933009806302,1
33,120,1.48489568291185,0,0,0,2,0,55.3933009806302,1
33,144,0,1,1,200,1,0,55.3933009806302,1
33,168,0,1,1,200,1,0,55.3933009806302,1
33,168,1.32220362667926,0,0,0,2,0,55.3933009806302,1
33,192,0,1,1,200,1,0,55.3933009806302,1
33,192,1.46790724680404,0,0,0,2,0,55.3933009806302,1
33,216,0,1,1,200,1,0,55.3933009806302,1
33,240,0,1,1,200,1,0,55.3933009806302,1
33,240,1.87774990470493,0,0,0,2,0,55.3933009806302,1
33,264,0,1,1,200,1,0,55.3933009806302,1
33,264,1.98913811791506,0,0,0,2,0,55.3933009806302,1
33,288,0,1,1,200,1,0,55.3933009806302,1
33,288,2.1923577055647,0,0,0,2,0,55.3933009806302,1
33,312,0,1,1,200,1,0,55.3933009806302,1
33,312.5,3.60383367849709,0,0,0,2,0,55.3933009806302,1
33,313,4.87082296626937,0,0,0,2,0,55.3933009806302,1
33,314,6.21037725779401,0,0,0,2,0,55.3933009806302,1
33,316,5.76379487194319,0,0,0,2,0,55.3933009806302,1
33,320,3.70929848648514,0,0,0,2,0,55.3933009806302,1
33,324,4.20226001310452,0,0,0,2,0,55.3933009806302,1
33,336,2.02150301940813,0,0,0,2,0,55.3933009806302,1
34,0,0,1,1,200,1,0,76.2654732255817,1
34,0.5,1.87693867263226,0,0,0,2,0,76.2654732255817,1
34,1,2.45334514965661,0,0,0,2,0,76.2654732255817,1
34,2,2.60977961221153,0,0,0,2,0,76.2654732255817,1
34,4,2.13848262945427,0,0,0,2,0,76.2654732255817,1
34,8,1.69181602638576,0,0,0,2,0,76.2654732255817,1
34,12,0.956657808478897,0,0,0,2,0,76.2654732255817,1
34,24,0,1,1,200,1,0,76.2654732255817,1
34,24,0.177822519295121,0,0,0,2,0,76.2654732255817,1
34,48,0,1,1,200,1,0,76.2654732255817,1
34,48,0.218937504119786,0,0,0,2,0,76.2654732255817,1
34,72,0,1,1,200,1,0,76.2654732255817,1
34,72,0.217773035854911,0,0,0,2,0,76.2654732255817,1
34,96,0,1,1,200,1,0,76.2654732255817,1
34,96,0.2881000520202,0,0,0,2,0,76.2654732255817,1
34,120,0,1,1,200,1,0,76.2654732255817,1
34,120,0.342542911918438,0,0,0,2,0,76.2654732255817,1
34,144,0,1,1,200,1,0,76.2654732255817,1
34,168,0,1,1,200,1,0,76.2654732255817,1
34,168,0.360236363252168,0,0,0,2,0,76.2654732255817,1
34,192,0,1,1,200,1,0,76.2654732255817,1
34,192,0.419148924105522,0,0,0,2,0,76.2654732255817,1
34,216,0,1,1,200,1,0,76.2654732255817,1
34,240,0,1,1,200,1,0,76.2654732255817,1
34,240,0.480502147424415,0,0,0,2,0,76.2654732255817,1
34,264,0,1,1,200,1,0,76.2654732255817,1
34,264,0.405125184192088,0,0,0,2,0,76.2654732255817,1
34,288,0,1,1,200,1,0,76.2654732255817,1
34,288,0.672847999673754,0,0,0,2,0,76.2654732255817,1
34,312,0,1,1,200,1,0,76.2654732255817,1
34,312.5,2.04622437789632,0,0,0,2,0,76.2654732255817,1
34,313,3.07838970541886,0,0,0,2,0,76.2654732255817,1
34,314,3.02283478142478,0,0,0,2,0,76.2654732255817,1
34,316,3.30621962221151,0,0,0,2,0,76.2654732255817,1
34,320,2.5687564295624,0,0,0,2,0,76.2654732255817,1
34,324,1.6950560878767,0,0,0,2,0,76.2654732255817,1
34,336,0.65455863131966,0,0,0,2,0,76.2654732255817,1
35,0,0,1,1,200,1,0,54.6016338778366,0
35,0.5,1.91330447865784,0,0,0,2,0,54.6016338778366,0
35,1,2.2100602168097,0,0,0,2,0,54.6016338778366,0
35,2,3.12505445225875,0,0,0,2,0,54.6016338778366,0
35,4,3.32675377070633,0,0,0,2,0,54.6016338778366,0
35,8,2.47738548341131,0,0,0,2,0,54.6016338778366,0
35,12,1.83566557396789,0,0,0,2,0,54.6016338778366,0
35,24,0,1,1,200,1,0,54.6016338778366,0
35,24,0.787643793618568,0,0,0,2,0,54.6016338778366,0
35,48,0,1,1,200,1,0,54.6016338778366,0
35,48,1.08412486295827,0,0,0,2,0,54.6016338778366,0
35,72,0,1,1,200,1,0,54.6016338778366,0
35,72,1.08241298755435,0,0,0,2,0,54.6016338778366,0
35,96,0,1,1,200,1,0,54.6016338778366,0
35,96,1.14285715259581,0,0,0,2,0,54.6016338778366,0
35,120,0,1,1,200,1,0,54.6016338778366,0
35,120,1.06833147405459,0,0,0,2,0,54.6016338778366,0
35,144,0,1,1,200,1,0,54.6016338778366,0
35,168,0,1,1,200,1,0,54.6016338778366,0
35,168,1.30081199179515,0,0,0,2,0,54.6016338778366,0
35,192,0,1,1,200,1,0,54.6016338778366,0
35,192,1.17933863042532,0,0,0,2,0,54.6016338778366,0
35,216,0,1,1,200,1,0,54.6016338778366,0
35,240,0,1,1,200,1,0,54.6016338778366,0
35,240,1.90900712514116,0,0,0,2,0,54.6016338778366,0
35,264,0,1,1,200,1,0,54.6016338778366,0
35,264,1.80362164967595,0,0,0,2,0,54.6016338778366,0
35,288,0,1,1,200,1,0,54.6016338778366,0
35,288,1.79399729180086,0,0,0,2,0,54.6016338778366,0
35,312,0,1,1,200,1,0,54.6016338778366,0
35,312.5,2.76159133105462,0,0,0,2,0,54.6016338778366,0
35,313,4.11162981760351,0,0,0,2,0,54.6016338778366,0
35,314,5.44522385837787,0,0,0,2,0,54.6016338778366,0
35,316,3.90808803314819,0,0,0,2,0,54.6016338778366,0
35,320,3.79671845059392,0,0,0,2,0,54.6016338778366,0
35,324,3.20616224021525,0,0,0,2,0,54.6016338778366,0
35,336,2.32172633759596,0,0,0,2,0,54.6016338778366,0
36,0,0,1,1,200,1,0,60.538021670076,1
36,0.5,1.21907190095358,0,0,0,2,0,60.538021670076,1
36,1,1.63255094180842,0,0,0,2,0,60.538021670076,1
36,2,1.93271657866364,0,0,0,2,0,60.538021670076,1
36,4,2.54799710062443,0,0,0,2,0,60.538021670076,1
36,8,2.09659961462048,0,0,0,2,0,60.538021670076,1
36,12,1.45742693135882,0,0,0,2,0,60.538021670076,1
36,24,0,1,1,200,1,0,60.538021670076,1
36,24,0.654843865818873,0,0,0,2,0,60.538021670076,1
36,48,0,1,1,200,1,0,60.538021670076,1
36,48,0.9097306919052,0,0,0,2,0,60.538021670076,1
36,72,0,1,1,200,1,0,60.538021670076,1
36,72,0.88421689608805,0,0,0,2,0,60.538021670076,1
36,96,0,1,1,200,1,0,60.538021670076,1
36,96,0.76244796677104,0,0,0,2,0,60.538021670076,1
36,120,0,1,1,200,1,0,60.538021670076,1
36,120,1.11121533259609,0,0,0,2,0,60.538021670076,1
36,144,0,1,1,200,1,0,60.538021670076,1
36,168,0,1,1,200,1,0,60.538021670076,1
36,168,1.29286255500053,0,0,0,2,0,60.538021670076,1
36,192,0,1,1,200,1,0,60.538021670076,1
36,192,1.25048413047899,0,0,0,2,0,60.538021670076,1
36,216,0,1,1,200,1,0,60.538021670076,1
36,240,0,1,1,200,1,0,60.538021670076,1
36,240,1.22837779820473,0,0,0,2,0,60.538021670076,1
36,264,0,1,1,200,1,0,60.538021670076,1
36,264,1.3338171919682,0,0,0,2,0,60.538021670076,1
36,288,0,1,1,200,1,0,60.538021670076,1
36,288,1.54822341297625,0,0,0,2,0,60.538021670076,1
36,312,0,1,1,200,1,0,60.538021670076,1
36,312.5,2.79295442541251,0,0,0,2,0,60.538021670076,1
36,313,3.14993242713193,0,0,0,2,0,60.538021670076,1
36,314,3.59074771374451,0,0,0,2,0,60.538021670076,1
36,316,3.62699707244658,0,0,0,2,0,60.538021670076,1
36,320,3.73515907519968,0,0,0,2,0,60.538021670076,1
36,324,3.02191835622974,0,0,0,2,0,60.538021670076,1
36,336,1.75221835801484,0,0,0,2,0,60.538021670076,1
37,0,0,1,1,200,1,0,65.8531971280807,0
37,0.5,2.3807291251276,0,0,0,2,0,65.8531971280807,0
37,1,3.77254314487919,0,0,0,2,0,65.8531971280807,0
37,2,3.88517388613173,0,0,0,2,0,65.8531971280807,0
37,4,2.92368146082108,0,0,0,2,0,65.8531971280807,0
37,8,2.00728223307423,0,0,0,2,0,65.8531971280807,0
37,12,0.971648736154287,0,0,0,2,0,65.8531971280807,0
37,24,0,1,1,200,1,0,65.8531971280807,0
37,24,0.29995628614932,0,0,0,2,0,65.8531971280807,0
37,48,0,1,1,200,1,0,65.8531971280807,0
37,48,0.276560312453424,0,0,0,2,0,65.8531971280807,0
37,72,0,1,1,200,1,0,65.8531971280807,0
37,72,0.328411996135272,0,0,0,2,0,65.8531971280807,0
37,96,0,1,1,200,1,0,65.8531971280807,0
37,96,0.360440263768731,0,0,0,2,0,65.8531971280807,0
37,120,0,1,1,200,1,0,65.8531971280807,0
37,120,0.456276320894353,0,0,0,2,0,65.8531971280807,0
37,144,0,1,1,200,1,0,65.8531971280807,0
37,168,0,1,1,200,1,0,65.8531971280807,0
37,168,0.576372522080517,0,0,0,2,0,65.8531971280807,0
37,192,0,1,1,200,1,0,65.8531971280807,0
37,192,0.462620065198155,0,0,0,2,0,65.8531971280807,0
37,216,0,1,1,200,1,0,65.8531971280807,0
37,240,0,1,1,200,1,0,65.8531971280807,0
37,240,0.754409890838683,0,0,0,2,0,65.8531971280807,0
37,264,0,1,1,200,1,0,65.8531971280807,0
37,264,0.752958887028402,0,0,0,2,0,65.8531971280807,0
37,288,0,1,1,200,1,0,65.8531971280807,0
37,288,0.679838014587663,0,0,0,2,0,65.8531971280807,0
37,312,0,1,1,200,1,0,65.8531971280807,0
37,312.5,3.56631238859217,0,0,0,2,0,65.8531971280807,0
37,313,3.99922580725643,0,0,0,2,0,65.8531971280807,0
37,314,4.25117184206355,0,0,0,2,0,65.8531971280807,0
37,316,3.54782662048486,0,0,0,2,0,65.8531971280807,0
37,320,3.24820685252634,0,0,0,2,0,65.8531971280807,0
37,324,2.23523127701048,0,0,0,2,0,65.8531971280807,0
37,336,0.789132287175915,0,0,0,2,0,65.8531971280807,0
38,0,0,1,1,200,1,0,55.1182677747587,0
38,0.5,2.47799449471165,0,0,0,2,0,55.1182677747587,0
38,1,3.51585477542884,0,0,0,2,0,55.1182677747587,0
38,2,3.78899352580582,0,0,0,2,0,55.1182677747587,0
38,4,3.32501752278482,0,0,0,2,0,55.1182677747587,0
38,8,2.48053210156164,0,0,0,2,0,55.1182677747587,0
38,12,1.64457757378719,0,0,0,2,0,55.1182677747587,0
38,24,0,1,1,200,1,0,55.1182677747587,0
38,24,0.545610504481712,0,0,0,2,0,55.1182677747587,0
38,48,0,1,1,200,1,0,55.1182677747587,0
38,48,0.721336445784743,0,0,0,2,0,55.1182677747587,0
38,72,0,1,1,200,1,0,55.1182677747587,0
38,72,0.771408390658132,0,0,0,2,0,55.1182677747587,0
38,96,0,1,1,200,1,0,55.1182677747587,0
38,96,0.969847153608962,0,0,0,2,0,55.1182677747587,0
38,120,0,1,1,200,1,0,55.1182677747587,0
38,120,1.00548293345706,0,0,0,2,0,55.1182677747587,0
38,144,0,1,1,200,1,0,55.1182677747587,0
38,168,0,1,1,200,1,0,55.1182677747587,0
38,168,1.03070739727019,0,0,0,2,0,55.1182677747587,0
38,192,0,1,1,200,1,0,55.1182677747587,0
38,192,1.16362631250853,0,0,0,2,0,55.1182677747587,0
38,216,0,1,1,200,1,0,55.1182677747587,0
38,240,0,1,1,200,1,0,55.1182677747587,0
38,240,1.53615278786948,0,0,0,2,0,55.1182677747587,0
38,264,0,1,1,200,1,0,55.1182677747587,0
38,264,1.465637944207,0,0,0,2,0,55.1182677747587,0
38,288,0,1,1,200,1,0,55.1182677747587,0
38,288,1.45797746454714,0,0,0,2,0,55.1182677747587,0
38,312,0,1,1,200,1,0,55.1182677747587,0
38,312.5,4.55686092863237,0,0,0,2,0,55.1182677747587,0
38,313,4.96946818580581,0,0,0,2,0,55.1182677747587,0
38,314,6.07008239864775,0,0,0,2,0,55.1182677747587,0
38,316,4.68587782992328,0,0,0,2,0,55.1182677747587,0
38,320,4.26010500341025,0,0,0,2,0,55.1182677747587,0
38,324,3.27985658288671,0,0,0,2,0,55.1182677747587,0
38,336,1.54875335009159,0,0,0,2,0,55.1182677747587,0
39,0,0,1,1,200,1,0,66.2624261748534,1
39,0.5,1.44891949173026,0,0,0,2,0,66.2624261748534,1
39,1,2.13951570150111,0,0,0,2,0,66.2624261748534,1
39,2,2.64407799428715,0,0,0,2,0,66.2624261748534,1
39,4,2.46112638281353,0,0,0,2,0,66.2624261748534,1
39,8,2.53773054461176,0,0,0,2,0,66.2624261748534,1
39,12,2.0863360650111,0,0,0,2,0,66.2624261748534,1
39,24,0,1,1,200,1,0,66.2624261748534,1
39,24,1.21283730288097,0,0,0,2,0,66.2624261748534,1
39,48,0,1,1,200,1,0,66.2624261748534,1
39,48,1.73400313232627,0,0,0,2,0,66.2624261748534,1
39,72,0,1,1,200,1,0,66.2624261748534,1
39,72,1.94977196029699,0,0,0,2,0,66.2624261748534,1
39,96,0,1,1,200,1,0,66.2624261748534,1
39,96,2.015116618125,0,0,0,2,0,66.2624261748534,1
39,120,0,1,1,200,1,0,66.2624261748534,1
39,120,2.3791735330212,0,0,0,2,0,66.2624261748534,1
39,144,0,1,1,200,1,0,66.2624261748534,1
39,168,0,1,1,200,1,0,66.2624261748534,1
39,168,2.93847814644255,0,0,0,2,0,66.2624261748534,1
39,192,0,1,1,200,1,0,66.2624261748534,1
39,192,2.29387597785851,0,0,0,2,0,66.2624261748534,1
39,216,0,1,1,200,1,0,66.2624261748534,1
39,240,0,1,1,200,1,0,66.2624261748534,1
39,240,2.66270592896799,0,0,0,2,0,66.2624261748534,1
39,264,0,1,1,200,1,0,66.2624261748534,1
39,264,3.46678324157409,0,0,0,2,0,66.2624261748534,1
39,288,0,1,1,200,1,0,66.2624261748534,1
39,288,2.8492606974072,0,0,0,2,0,66.2624261748534,1
39,312,0,1,1,200,1,0,66.2624261748534,1
39,312.5,4.5803697655398,0,0,0,2,0,66.2624261748534,1
39,313,5.76378854634114,0,0,0,2,0,66.2624261748534,1
39,314,6.32582991325085,0,0,0,2,0,66.2624261748534,1
39,316,5.0947186176403,0,0,0,2,0,66.2624261748534,1
39,320,5.64410722067437,0,0,0,2,0,66.2624261748534,1
39,324,4.08879317930803,0,0,0,2,0,66.2624261748534,1
39,336,3.17653067938848,0,0,0,2,0,66.2624261748534,1
40,0,0,1,1,200,1,0,93.0702008997469,0
40,0.5,1.94607621668105,0,0,0,2,0,93.0702008997469,0
40,1,2.42056777855349,0,0,0,2,0,93.0702008997469,0
40,2,3.16439245618315,0,0,0,2,0,93.0702008997469,0
40,4,3.13992912647622,0,0,0,2,0,93.0702008997469,0
40,8,2.22614865990904,0,0,0,2,0,93.0702008997469,0
40,12,1.06832561734335,0,0,0,2,0,93.0702008997469,0
40,24,0,1,1,200,1,0,93.0702008997469,0
40,24,0.383718003932383,0,0,0,2,0,93.0702008997469,0
40,48,0,1,1,200,1,0,93.0702008997469,0
40,48,0.591070192208492,0,0,0,2,0,93.0702008997469,0
40,72,0,1,1,200,1,0,93.0702008997469,0
40,72,0.576889713913161,0,0,0,2,0,93.0702008997469,0
40,96,0,1,1,200,1,0,93.0702008997469,0
40,96,0.791773992087606,0,0,0,2,0,93.0702008997469,0
40,120,0,1,1,200,1,0,93.0702008997469,0
40,120,0.831231810157755,0,0,0,2,0,93.0702008997469,0
40,144,0,1,1,200,1,0,93.0702008997469,0
40,168,0,1,1,200,1,0,93.0702008997469,0
40,168,0.804872078578984,0,0,0,2,0,93.0702008997469,0
40,192,0,1,1,200,1,0,93.0702008997469,0
40,192,0.980632495541616,0,0,0,2,0,93.0702008997469,0
40,216,0,1,1,200,1,0,93.0702008997469,0
40,240,0,1,1,200,1,0,93.0702008997469,0
40,240,1.36480468434988,0,0,0,2,0,93.0702008997469,0
40,264,0,1,1,200,1,0,93.0702008997469,0
40,264,1.40688807321026,0,0,0,2,0,93.0702008997469,0
40,288,0,1,1,200,1,0,93.0702008997469,0
40,288,1.28050542688754,0,0,0,2,0,93.0702008997469,0
40,312,0,1,1,200,1,0,93.0702008997469,0
40,312.5,3.68073929054883,0,0,0,2,0,93.0702008997469,0
40,313,4.08197461970027,0,0,0,2,0,93.0702008997469,0
40,314,4.33631760223795,0,0,0,2,0,93.0702008997469,0
40,316,4.13963932878843,0,0,0,2,0,93.0702008997469,0
40,320,3.16840466513695,0,0,0,2,0,93.0702008997469,0
40,324,2.66632486465453,0,0,0,2,0,93.0702008997469,0
40,336,1.68532076857695,0,0,0,2,0,93.0702008997469,0
41,0,0,1,1,200,1,0,85.9636551343024,0
41,0.5,2.20464341411159,0,0,0,2,0,85.9636551343024,0
41,1,2.64608422240909,0,0,0,2,0,85.9636551343024,0
41,2,3.32448367630063,0,0,0,2,0,85.9636551343024,0
41,4,2.74071066050386,0,0,0,2,0,85.9636551343024,0
41,8,2.05187623864847,0,0,0,2,0,85.9636551343024,0
41,12,1.69546699107004,0,0,0,2,0,85.9636551343024,0
41,24,0,1,1,200,1,0,85.9636551343024,0
41,24,0.7166225236265,0,0,0,2,0,85.9636551343024,0
41,48,0,1,1,200,1,0,85.9636551343024,0
41,48,0.796163196347979,0,0,0,2,0,85.9636551343024,0
41,72,0,1,1,200,1,0,85.9636551343024,0
41,72,1.04707176160773,0,0,0,2,0,85.9636551343024,0
41,96,0,1,1,200,1,0,85.9636551343024,0
41,96,1.18055012208419,0,0,0,2,0,85.9636551343024,0
41,120,0,1,1,200,1,0,85.9636551343024,0
41,120,1.33296090498267,0,0,0,2,0,85.9636551343024,0
41,144,0,1,1,200,1,0,85.9636551343024,0
41,168,0,1,1,200,1,0,85.9636551343024,0
41,168,1.13785631796454,0,0,0,2,0,85.9636551343024,0
41,192,0,1,1,200,1,0,85.9636551343024,0
41,192,1.47771312293546,0,0,0,2,0,85.9636551343024,0
41,216,0,1,1,200,1,0,85.9636551343024,0
41,240,0,1,1,200,1,0,85.9636551343024,0
41,240,1.43177730384362,0,0,0,2,0,85.9636551343024,0
41,264,0,1,1,200,1,0,85.9636551343024,0
41,264,1.800024563844,0,0,0,2,0,85.9636551343024,0
41,288,0,1,1,200,1,0,85.9636551343024,0
41,288,1.99351985268083,0,0,0,2,0,85.9636551343024,0
41,312,0,1,1,200,1,0,85.9636551343024,0
41,312.5,4.03725428133803,0,0,0,2,0,85.9636551343024,0
41,313,4.81264745868882,0,0,0,2,0,85.9636551343024,0
41,314,5.16706326931957,0,0,0,2,0,85.9636551343024,0
41,316,5.50711296553682,0,0,0,2,0,85.9636551343024,0
41,320,3.34749159587092,0,0,0,2,0,85.9636551343024,0
41,324,3.03048816833433,0,0,0,2,0,85.9636551343024,0
41,336,2.12143876141678,0,0,0,2,0,85.9636551343024,0
42,0,0,1,1,200,1,0,55.818471881765,0
42,0.5,2.022943792101,0,0,0,2,0,55.818471881765,0
42,1,2.99817447357966,0,0,0,2,0,55.818471881765,0
42,2,3.64359601793727,0,0,0,2,0,55.818471881765,0
42,4,3.41986563816516,0,0,0,2,0,55.818471881765,0
42,8,1.73577545634212,0,0,0,2,0,55.818471881765,0
42,12,1.02848667001689,0,0,0,2,0,55.818471881765,0
42,24,0,1,1,200,1,0,55.818471881765,0
42,24,0.183581263708116,0,0,0,2,0,55.818471881765,0
42,48,0,1,1,200,1,0,55.818471881765,0
42,48,0.254271881592126,0,0,0,2,0,55.818471881765,0
42,72,0,1,1,200,1,0,55.818471881765,0
42,72,0.278045615339684,0,0,0,2,0,55.818471881765,0
42,96,0,1,1,200,1,0,55.818471881765,0
42,96,0.325620916936662,0,0,0,2,0,55.818471881765,0
42,120,0,1,1,200,1,0,55.818471881765,0
42,120,0.31066644323776,0,0,0,2,0,55.818471881765,0
42,144,0,1,1,200,1,0,55.818471881765,0
42,168,0,1,1,200,1,0,55.818471881765,0
42,168,0.46367955538636,0,0,0,2,0,55.818471881765,0
42,192,0,1,1,200,1,0,55.818471881765,0
42,192,0.464023134072582,0,0,0,2,0,55.818471881765,0
42,216,0,1,1,200,1,0,55.818471881765,0
42,240,0,1,1,200,1,0,55.818471881765,0
42,240,0.588779879632309,0,0,0,2,0,55.818471881765,0
42,264,0,1,1,200,1,0,55.818471881765,0
42,264,0.563920505034316,0,0,0,2,0,55.818471881765,0
42,288,0,1,1,200,1,0,55.818471881765,0
42,288,0.773108511073798,0,0,0,2,0,55.818471881765,0
42,312,0,1,1,200,1,0,55.818471881765,0
42,312.5,2.87714494892971,0,0,0,2,0,55.818471881765,0
42,313,4.57055076729826,0,0,0,2,0,55.818471881765,0
42,314,5.15838681624618,0,0,0,2,0,55.818471881765,0
42,316,3.43352614406486,0,0,0,2,0,55.818471881765,0
42,320,3.23273023973216,0,0,0,2,0,55.818471881765,0
42,324,1.81564124785208,0,0,0,2,0,55.818471881765,0
42,336,0.852818223293187,0,0,0,2,0,55.818471881765,0
43,0,0,1,1,200,1,0,50.7948554416435,0
43,0.5,1.90153545914765,0,0,0,2,0,50.7948554416435,0
43,1,2.25643991822904,0,0,0,2,0,50.7948554416435,0
43,2,3.30997521479952,0,0,0,2,0,50.7948554416435,0
43,4,2.91805851814399,0,0,0,2,0,50.7948554416435,0
43,8,2.11269445403664,0,0,0,2,0,50.7948554416435,0
43,12,1.52922026265795,0,0,0,2,0,50.7948554416435,0
43,24,0,1,1,200,1,0,50.7948554416435,0
43,24,0.339417935383403,0,0,0,2,0,50.7948554416435,0
43,48,0,1,1,200,1,0,50.7948554416435,0
43,48,0.473227637106426,0,0,0,2,0,50.7948554416435,0
43,72,0,1,1,200,1,0,50.7948554416435,0
43,72,0.415005794314668,0,0,0,2,0,50.7948554416435,0
43,96,0,1,1,200,1,0,50.7948554416435,0
43,96,0.543385797806536,0,0,0,2,0,50.7948554416435,0
43,120,0,1,1,200,1,0,50.7948554416435,0
43,120,0.640390702476093,0,0,0,2,0,50.7948554416435,0
43,144,0,1,1,200,1,0,50.7948554416435,0
43,168,0,1,1,200,1,0,50.7948554416435,0
43,168,0.640899216312399,0,0,0,2,0,50.7948554416435,0
43,192,0,1,1,200,1,0,50.7948554416435,0
43,192,0.669126164646007,0,0,0,2,0,50.7948554416435,0
43,216,0,1,1,200,1,0,50.7948554416435,0
43,240,0,1,1,200,1,0,50.7948554416435,0
43,240,0.930496589935676,0,0,0,2,0,50.7948554416435,0
43,264,0,1,1,200,1,0,50.7948554416435,0
43,264,0.911330487435577,0,0,0,2,0,50.7948554416435,0
43,288,0,1,1,200,1,0,50.7948554416435,0
43,288,1.00770250413675,0,0,0,2,0,50.7948554416435,0
43,312,0,1,1,200,1,0,50.7948554416435,0
43,312.5,2.33618955440155,0,0,0,2,0,50.7948554416435,0
43,313,3.31657163187109,0,0,0,2,0,50.7948554416435,0
43,314,3.36371932650255,0,0,0,2,0,50.7948554416435,0
43,316,4.16969463997248,0,0,0,2,0,50.7948554416435,0
43,320,3.30224665723076,0,0,0,2,0,50.7948554416435,0
43,324,2.16825830167274,0,0,0,2,0,50.7948554416435,0
43,336,1.07107828364644,0,0,0,2,0,50.7948554416435,0
44,0,0,1,1,200,1,0,66.5770387521543,1
44,0.5,1.73881929516944,0,0,0,2,0,66.5770387521543,1
44,1,2.40324976685224,0,0,0,2,0,66.5770387521543,1
44,2,3.66577428565204,0,0,0,2,0,66.5770387521543,1
44,4,3.29596782472577,0,0,0,2,0,66.5770387521543,1
44,8,1.98885238997367,0,0,0,2,0,66.5770387521543,1
44,12,1.57294658577614,0,0,0,2,0,66.5770387521543,1
44,24,0,1,1,200,1,0,66.5770387521543,1
44,24,0.484760629984795,0,0,0,2,0,66.5770387521543,1
44,48,0,1,1,200,1,0,66.5770387521543,1
44,48,0.57328863356617,0,0,0,2,0,66.5770387521543,1
44,72,0,1,1,200,1,0,66.5770387521543,1
44,72,0.694641285501995,0,0,0,2,0,66.5770387521543,1
44,96,0,1,1,200,1,0,66.5770387521543,1
44,96,0.818673574062531,0,0,0,2,0,66.5770387521543,1
44,120,0,1,1,200,1,0,66.5770387521543,1
44,120,0.644903088162982,0,0,0,2,0,66.5770387521543,1
44,144,0,1,1,200,1,0,66.5770387521543,1
44,168,0,1,1,200,1,0,66.5770387521543,1
44,168,0.62733599801857,0,0,0,2,0,66.5770387521543,1
44,192,0,1,1,200,1,0,66.5770387521543,1
44,192,0.935378132282896,0,0,0,2,0,66.5770387521543,1
44,216,0,1,1,200,1,0,66.5770387521543,1
44,240,0,1,1,200,1,0,66.5770387521543,1
44,240,0.949763893296587,0,0,0,2,0,66.5770387521543,1
44,264,0,1,1,200,1,0,66.5770387521543,1
44,264,1.08567759330752,0,0,0,2,0,66.5770387521543,1
44,288,0,1,1,200,1,0,66.5770387521543,1
44,288,1.26707757379782,0,0,0,2,0,66.5770387521543,1
44,312,0,1,1,200,1,0,66.5770387521543,1
44,312.5,3.7354578369595,0,0,0,2,0,66.5770387521543,1
44,313,3.68444748855435,0,0,0,2,0,66.5770387521543,1
44,314,4.36845079669663,0,0,0,2,0,66.5770387521543,1
44,316,5.28498124859424,0,0,0,2,0,66.5770387521543,1
44,320,3.59688234953208,0,0,0,2,0,66.5770387521543,1
44,324,2.55236751412812,0,0,0,2,0,66.5770387521543,1
44,336,1.29831041399434,0,0,0,2,0,66.5770387521543,1
45,0,0,1,1,200,1,0,40,1
45,0.5,0.977582979827501,0,0,0,2,0,40,1
45,1,1.36966323679528,0,0,0,2,0,40,1
45,2,1.82589800167016,0,0,0,2,0,40,1
45,4,2.22306347281268,0,0,0,2,0,40,1
45,8,1.72532439895678,0,0,0,2,0,40,1
45,12,1.46450914490819,0,0,0,2,0,40,1
45,24,0,1,1,200,1,0,40,1
45,24,0.727935254571727,0,0,0,2,0,40,1
45,48,0,1,1,200,1,0,40,1
45,48,0.957137143181141,0,0,0,2,0,40,1
45,72,0,1,1,200,1,0,40,1
45,72,1.0010610846569,0,0,0,2,0,40,1
45,96,0,1,1,200,1,0,40,1
45,96,1.15804191171046,0,0,0,2,0,40,1
45,120,0,1,1,200,1,0,40,1
45,120,1.06166103266468,0,0,0,2,0,40,1
45,144,0,1,1,200,1,0,40,1
45,168,0,1,1,200,1,0,40,1
45,168,1.16829142596283,0,0,0,2,0,40,1
45,192,0,1,1,200,1,0,40,1
45,192,1.27169669821677,0,0,0,2,0,40,1
45,216,0,1,1,200,1,0,40,1
45,240,0,1,1,200,1,0,40,1
45,240,1.40967615820116,0,0,0,2,0,40,1
45,264,0,1,1,200,1,0,40,1
45,264,1.43752114350232,0,0,0,2,0,40,1
45,288,0,1,1,200,1,0,40,1
45,288,1.66752615188787,0,0,0,2,0,40,1
45,312,0,1,1,200,1,0,40,1
45,312.5,2.86217618362212,0,0,0,2,0,40,1
45,313,3.46937617269226,0,0,0,2,0,40,1
45,314,3.59885290267648,0,0,0,2,0,40,1
45,316,3.88422738761151,0,0,0,2,0,40,1
45,320,2.84486047432908,0,0,0,2,0,40,1
45,324,2.65347540108254,0,0,0,2,0,40,1
45,336,1.70054523390165,0,0,0,2,0,40,1
46,0,0,1,1,200,1,0,86.7483262081006,0
46,0.5,2.7458824642239,0,0,0,2,0,86.7483262081006,0
46,1,3.96499572310603,0,0,0,2,0,86.7483262081006,0
46,2,3.88766679684182,0,0,0,2,0,86.7483262081006,0
46,4,3.39073534821419,0,0,0,2,0,86.7483262081006,0
46,8,1.69962114155701,0,0,0,2,0,86.7483262081006,0
46,12,0.838829168278533,0,0,0,2,0,86.7483262081006,0
46,24,0,1,1,200,1,0,86.7483262081006,0
46,24,0.106162627859136,0,0,0,2,0,86.7483262081006,0
46,48,0,1,1,200,1,0,86.7483262081006,0
46,48,0.121255055340212,0,0,0,2,0,86.7483262081006,0
46,72,0,1,1,200,1,0,86.7483262081006,0
46,72,0.124566182511484,0,0,0,2,0,86.7483262081006,0
46,96,0,1,1,200,1,0,86.7483262081006,0
46,96,0.142790720372422,0,0,0,2,0,86.7483262081006,0
46,120,0,1,1,200,1,0,86.7483262081006,0
46,120,0.196588009749733,0,0,0,2,0,86.7483262081006,0
46,144,0,1,1,200,1,0,86.7483262081006,0
46,168,0,1,1,200,1,0,86.7483262081006,0
46,168,0.231900157518483,0,0,0,2,0,86.7483262081006,0
46,192,0,1,1,200,1,0,86.7483262081006,0
46,192,0.269261845568804,0,0,0,2,0,86.7483262081006,0
46,216,0,1,1,200,1,0,86.7483262081006,0
46,240,0,1,1,200,1,0,86.7483262081006,0
46,240,0.261003745197862,0,0,0,2,0,86.7483262081006,0
46,264,0,1,1,200,1,0,86.7483262081006,0
46,264,0.376567060512478,0,0,0,2,0,86.7483262081006,0
46,288,0,1,1,200,1,0,86.7483262081006,0
46,288,0.415257626063356,0,0,0,2,0,86.7483262081006,0
46,312,0,1,1,200,1,0,86.7483262081006,0
46,312.5,3.32365296188053,0,0,0,2,0,86.7483262081006,0
46,313,4.58881490195648,0,0,0,2,0,86.7483262081006,0
46,314,3.77741872578405,0,0,0,2,0,86.7483262081006,0
46,316,3.91996743480895,0,0,0,2,0,86.7483262081006,0
46,320,2.4712558209504,0,0,0,2,0,86.7483262081006,0
46,324,1.37338625204151,0,0,0,2,0,86.7483262081006,0
46,336,0.352119933491421,0,0,0,2,0,86.7483262081006,0
47,0,0,1,1,200,1,0,65.7610812995608,0
47,0.5,2.28925531743553,0,0,0,2,0,65.7610812995608,0
47,1,3.09466715581348,0,0,0,2,0,65.7610812995608,0
47,2,3.42468642952307,0,0,0,2,0,65.7610812995608,0
47,4,2.61539066401955,0,0,0,2,0,65.7610812995608,0
47,8,1.90728399443366,0,0,0,2,0,65.7610812995608,0
47,12,1.12566828054679,0,0,0,2,0,65.7610812995608,0
47,24,0,1,1,200,1,0,65.7610812995608,0
47,24,0.29759145459284,0,0,0,2,0,65.7610812995608,0
47,48,0,1,1,200,1,0,65.7610812995608,0
47,48,0.349777753638451,0,0,0,2,0,65.7610812995608,0
47,72,0,1,1,200,1,0,65.7610812995608,0
47,72,0.406209311963091,0,0,0,2,0,65.7610812995608,0
47,96,0,1,1,200,1,0,65.7610812995608,0
47,96,0.460331060781659,0,0,0,2,0,65.7610812995608,0
47,120,0,1,1,200,1,0,65.7610812995608,0
47,120,0.490990256517219,0,0,0,2,0,65.7610812995608,0
47,144,0,1,1,200,1,0,65.7610812995608,0
47,168,0,1,1,200,1,0,65.7610812995608,0
47,168,0.580166537526205,0,0,0,2,0,65.7610812995608,0
47,192,0,1,1,200,1,0,65.7610812995608,0
47,192,0.626594058735098,0,0,0,2,0,65.7610812995608,0
47,216,0,1,1,200,1,0,65.7610812995608,0
47,240,0,1,1,200,1,0,65.7610812995608,0
47,240,0.67336102118743,0,0,0,2,0,65.7610812995608,0
47,264,0,1,1,200,1,0,65.7610812995608,0
47,264,0.719549884904844,0,0,0,2,0,65.7610812995608,0
47,288,0,1,1,200,1,0,65.7610812995608,0
47,288,0.923941113884575,0,0,0,2,0,65.7610812995608,0
47,312,0,1,1,200,1,0,65.7610812995608,0
47,312.5,2.78604699897037,0,0,0,2,0,65.7610812995608,0
47,313,4.14595616394433,0,0,0,2,0,65.7610812995608,0
47,314,4.26048131935984,0,0,0,2,0,65.7610812995608,0
47,316,4.21478218908548,0,0,0,2,0,65.7610812995608,0
47,320,2.49232634101905,0,0,0,2,0,65.7610812995608,0
47,324,2.33819451610812,0,0,0,2,0,65.7610812995608,0
47,336,0.988209975766066,0,0,0,2,0,65.7610812995608,0
48,0,0,1,1,200,1,0,69.1517950884471,1
48,0.5,2.23066296183763,0,0,0,2,0,69.1517950884471,1
48,1,3.67945605130693,0,0,0,2,0,69.1517950884471,1
48,2,3.20696461922132,0,0,0,2,0,69.1517950884471,1
48,4,3.08517290857565,0,0,0,2,0,69.1517950884471,1
48,8,2.06428373389385,0,0,0,2,0,69.1517950884471,1
48,12,1.46350296410587,0,0,0,2,0,69.1517950884471,1
48,24,0,1,1,200,1,0,69.1517950884471,1
48,24,0.401179786016334,0,0,0,2,0,69.1517950884471,1
48,48,0,1,1,200,1,0,69.1517950884471,1
48,48,0.399570450450977,0,0,0,2,0,69.1517950884471,1
48,72,0,1,1,200,1,0,69.1517950884471,1
48,72,0.512952502507982,0,0,0,2,0,69.1517950884471,1
48,96,0,1,1,200,1,0,69.1517950884471,1
48,96,0.543349953469193,0,0,0,2,0,69.1517950884471,1
48,120,0,1,1,200,1,0,69.1517950884471,1
48,120,0.607290495320462,0,0,0,2,0,69.1517950884471,1
48,144,0,1,1,200,1,0,69.1517950884471,1
48,168,0,1,1,200,1,0,69.1517950884471,1
48,168,0.620460364641924,0,0,0,2,0,69.1517950884471,1
48,192,0,1,1,200,1,0,69.1517950884471,1
48,192,0.771633338687137,0,0,0,2,0,69.1517950884471,1
48,216,0,1,1,200,1,0,69.1517950884471,1
48,240,0,1,1,200,1,0,69.1517950884471,1
48,240,0.871781849196938,0,0,0,2,0,69.1517950884471,1
48,264,0,1,1,200,1,0,69.1517950884471,1
48,264,0.775023507803053,0,0,0,2,0,69.1517950884471,1
48,288,0,1,1,200,1,0,69.1517950884471,1
48,288,1.08163136864299,0,0,0,2,0,69.1517950884471,1
48,312,0,1,1,200,1,0,69.1517950884471,1
48,312.5,3.56163185493324,0,0,0,2,0,69.1517950884471,1
48,313,3.74577198056418,0,0,0,2,0,69.1517950884471,1
48,314,4.41072073516584,0,0,0,2,0,69.1517950884471,1
48,316,4.26669752940694,0,0,0,2,0,69.1517950884471,1
48,320,3.10843259223537,0,0,0,2,0,69.1517950884471,1
48,324,2.90088072176683,0,0,0,2,0,69.1517950884471,1
48,336,1.21164179773822,0,0,0,2,0,69.1517950884471,1
49,0,0,1,1,200,1,0,59.174212437522,0
49,0.5,1.35619364350274,0,0,0,2,0,59.174212437522,0
49,1,2.27354625403577,0,0,0,2,0,59.174212437522,0
49,2,2.71322736854379,0,0,0,2,0,59.174212437522,0
49,4,2.35272051040597,0,0,0,2,0,59.174212437522,0
49,8,1.36614696267533,0,0,0,2,0,59.174212437522,0
49,12,0.772831427738439,0,0,0,2,0,59.174212437522,0
49,24,0,1,1,200,1,0,59.174212437522,0
49,24,0.1578278187483,0,0,0,2,0,59.174212437522,0
49,48,0,1,1,200,1,0,59.174212437522,0
49,48,0.16466362928247,0,0,0,2,0,59.174212437522,0
49,72,0,1,1,200,1,0,59.174212437522,0
49,72,0.174835037528322,0,0,0,2,0,59.174212437522,0
49,96,0,1,1,200,1,0,59.174212437522,0
49,96,0.167984905760703,0,0,0,2,0,59.174212437522,0
49,120,0,1,1,200,1,0,59.174212437522,0
49,120,0.24639731875073,0,0,0,2,0,59.174212437522,0
49,144,0,1,1,200,1,0,59.174212437522,0
49,168,0,1,1,200,1,0,59.174212437522,0
49,168,0.295809177250592,0,0,0,2,0,59.174212437522,0
49,192,0,1,1,200,1,0,59.174212437522,0
49,192,0.305955564507442,0,0,0,2,0,59.174212437522,0
49,216,0,1,1,200,1,0,59.174212437522,0
49,240,0,1,1,200,1,0,59.174212437522,0
49,240,0.426701317011751,0,0,0,2,0,59.174212437522,0
49,264,0,1,1,200,1,0,59.174212437522,0
49,264,0.434910230839915,0,0,0,2,0,59.174212437522,0
49,288,0,1,1,200,1,0,59.174212437522,0
49,288,0.528315661726252,0,0,0,2,0,59.174212437522,0
49,312,0,1,1,200,1,0,59.174212437522,0
49,312.5,1.89616548260007,0,0,0,2,0,59.174212437522,0
49,313,2.95539254291451,0,0,0,2,0,59.174212437522,0
49,314,3.28959247707658,0,0,0,2,0,59.174212437522,0
49,316,2.94469185500345,0,0,0,2,0,59.174212437522,0
49,320,2.47103772083537,0,0,0,2,0,59.174212437522,0
49,324,1.55795503865509,0,0,0,2,0,59.174212437522,0
49,336,0.554507267335293,0,0,0,2,0,59.174212437522,0
50,0,0,1,1,200,1,0,85.5701022204854,1
50,0.5,1.87899078859173,0,0,0,2,0,85.5701022204854,1
50,1,2.93143778727849,0,0,0,2,0,85.5701022204854,1
50,2,3.96050325647599,0,0,0,2,0,85.5701022204854,1
50,4,3.66210173134474,0,0,0,2,0,85.5701022204854,1
50,8,2.58456986312296,0,0,0,2,0,85.5701022204854,1
50,12,1.45837901663559,0,0,0,2,0,85.5701022204854,1
50,24,0,1,1,200,1,0,85.5701022204854,1
50,24,0.474955026787268,0,0,0,2,0,85.5701022204854,1
50,48,0,1,1,200,1,0,85.5701022204854,1
50,48,0.573697448832605,0,0,0,2,0,85.5701022204854,1
50,72,0,1,1,200,1,0,85.5701022204854,1
50,72,0.60100354437122,0,0,0,2,0,85.5701022204854,1
50,96,0,1,1,200,1,0,85.5701022204854,1
50,96,0.556581498773219,0,0,0,2,0,85.5701022204854,1
50,120,0,1,1,200,1,0,85.5701022204854,1
50,120,0.745365074061564,0,0,0,2,0,85.5701022204854,1
50,144,0,1,1,200,1,0,85.5701022204854,1
50,168,0,1,1,200,1,0,85.5701022204854,1
50,168,0.879308517017913,0,0,0,2,0,85.5701022204854,1
50,192,0,1,1,200,1,0,85.5701022204854,1
50,192,0.840619592612152,0,0,0,2,0,85.5701022204854,1
50,216,0,1,1,200,1,0,85.5701022204854,1
50,240,0,1,1,200,1,0,85.5701022204854,1
50,240,0.843730927529849,0,0,0,2,0,85.5701022204854,1
50,264,0,1,1,200,1,0,85.5701022204854,1
50,264,1.11491906226486,0,0,0,2,0,85.5701022204854,1
50,288,0,1,1,200,1,0,85.5701022204854,1
50,288,1.21893367394471,0,0,0,2,0,85.5701022204854,1
50,312,0,1,1,200,1,0,85.5701022204854,1
50,312.5,3.20460708551496,0,0,0,2,0,85.5701022204854,1
50,313,4.23595087766315,0,0,0,2,0,85.5701022204854,1
50,314,5.81406718244167,0,0,0,2,0,85.5701022204854,1
50,316,4.65210825453445,0,0,0,2,0,85.5701022204854,1
50,320,4.27412504443405,0,0,0,2,0,85.5701022204854,1
50,324,2.7160913309067,0,0,0,2,0,85.5701022204854,1
50,336,1.22923786491326,0,0,0,2,0,85.5701022204854,1
51,0,0,1,1,200,1,0,85.4745062998183,1
51,0.5,1.24416067324565,0,0,0,2,0,85.4745062998183,1
51,1,1.86016733895972,0,0,0,2,0,85.4745062998183,1
51,2,2.52065025734874,0,0,0,2,0,85.4745062998183,1
51,4,1.76828191857616,0,0,0,2,0,85.4745062998183,1
51,8,1.0416153110989,0,0,0,2,0,85.4745062998183,1
51,12,0.59817141349998,0,0,0,2,0,85.4745062998183,1
51,24,0,1,1,200,1,0,85.4745062998183,1
51,24,0.142479833510296,0,0,0,2,0,85.4745062998183,1
51,48,0,1,1,200,1,0,85.4745062998183,1
51,48,0.14122958104891,0,0,0,2,0,85.4745062998183,1
51,72,0,1,1,200,1,0,85.4745062998183,1
51,72,0.192200267692707,0,0,0,2,0,85.4745062998183,1
51,96,0,1,1,200,1,0,85.4745062998183,1
51,96,0.161738917119729,0,0,0,2,0,85.4745062998183,1
51,120,0,1,1,200,1,0,85.4745062998183,1
51,120,0.214570140784124,0,0,0,2,0,85.4745062998183,1
51,144,0,1,1,200,1,0,85.4745062998183,1
51,168,0,1,1,200,1,0,85.4745062998183,1
51,168,0.295614126727423,0,0,0,2,0,85.4745062998183,1
51,192,0,1,1,200,1,0,85.4745062998183,1
51,192,0.275255044532568,0,0,0,2,0,85.4745062998183,1
51,216,0,1,1,200,1,0,85.4745062998183,1
51,240,0,1,1,200,1,0,85.4745062998183,1
51,240,0.299543634991543,0,0,0,2,0,85.4745062998183,1
51,264,0,1,1,200,1,0,85.4745062998183,1
51,264,0.424663485968458,0,0,0,2,0,85.4745062998183,1
51,288,0,1,1,200,1,0,85.4745062998183,1
51,288,0.394306408678422,0,0,0,2,0,85.4745062998183,1
51,312,0,1,1,200,1,0,85.4745062998183,1
51,312.5,1.6531675630447,0,0,0,2,0,85.4745062998183,1
51,313,2.84494076820794,0,0,0,2,0,85.4745062998183,1
51,314,2.8080835442741,0,0,0,2,0,85.4745062998183,1
51,316,2.62183155452097,0,0,0,2,0,85.4745062998183,1
51,320,1.73828998511254,0,0,0,2,0,85.4745062998183,1
51,324,1.23451252310878,0,0,0,2,0,85.4745062998183,1
51,336,0.499203064412658,0,0,0,2,0,85.4745062998183,1
52,0,0,1,1,200,1,0,87.143301848215,1
52,0.5,1.78203390395296,0,0,0,2,0,87.143301848215,1
52,1,2.75808735440953,0,0,0,2,0,87.143301848215,1
52,2,2.89066679428241,0,0,0,2,0,87.143301848215,1
52,4,3.34484836837234,0,0,0,2,0,87.143301848215,1
52,8,2.43167221814246,0,0,0,2,0,87.143301848215,1
52,12,1.95408045081094,0,0,0,2,0,87.143301848215,1
52,24,0,1,1,200,1,0,87.143301848215,1
52,24,0.674872744710896,0,0,0,2,0,87.143301848215,1
52,48,0,1,1,200,1,0,87.143301848215,1
52,48,0.848182011226072,0,0,0,2,0,87.143301848215,1
52,72,0,1,1,200,1,0,87.143301848215,1
52,72,0.853399268575907,0,0,0,2,0,87.143301848215,1
52,96,0,1,1,200,1,0,87.143301848215,1
52,96,0.980685261556803,0,0,0,2,0,87.143301848215,1
52,120,0,1,1,200,1,0,87.143301848215,1
52,120,0.889872000498726,0,0,0,2,0,87.143301848215,1
52,144,0,1,1,200,1,0,87.143301848215,1
52,168,0,1,1,200,1,0,87.143301848215,1
52,168,1.29593745145701,0,0,0,2,0,87.143301848215,1
52,192,0,1,1,200,1,0,87.143301848215,1
52,192,1.32168525670693,0,0,0,2,0,87.143301848215,1
52,216,0,1,1,200,1,0,87.143301848215,1
52,240,0,1,1,200,1,0,87.143301848215,1
52,240,1.39351299162249,0,0,0,2,0,87.143301848215,1
52,264,0,1,1,200,1,0,87.143301848215,1
52,264,1.50245729343745,0,0,0,2,0,87.143301848215,1
52,288,0,1,1,200,1,0,87.143301848215,1
52,288,1.42434927860865,0,0,0,2,0,87.143301848215,1
52,312,0,1,1,200,1,0,87.143301848215,1
52,312.5,3.75444212514908,0,0,0,2,0,87.143301848215,1
52,313,4.3395187271671,0,0,0,2,0,87.143301848215,1
52,314,3.85470339013199,0,0,0,2,0,87.143301848215,1
52,316,5.44969077701241,0,0,0,2,0,87.143301848215,1
52,320,4.16902634792479,0,0,0,2,0,87.143301848215,1
52,324,3.15377969392992,0,0,0,2,0,87.143301848215,1
52,336,1.99650274724599,0,0,0,2,0,87.143301848215,1
53,0,0,1,1,200,1,0,57.4193047655573,1
53,0.5,1.81098057455305,0,0,0,2,0,57.4193047655573,1
53,1,3.000293243153,0,0,0,2,0,57.4193047655573,1
53,2,4.32684453782855,0,0,0,2,0,57.4193047655573,1
53,4,4.00738546424698,0,0,0,2,0,57.4193047655573,1
53,8,2.17652458409931,0,0,0,2,0,57.4193047655573,1
53,12,1.21764034519704,0,0,0,2,0,57.4193047655573,1
53,24,0,1,1,200,1,0,57.4193047655573,1
53,24,0.312948612955624,0,0,0,2,0,57.4193047655573,1
53,48,0,1,1,200,1,0,57.4193047655573,1
53,48,0.37270023106992,0,0,0,2,0,57.4193047655573,1
53,72,0,1,1,200,1,0,57.4193047655573,1
53,72,0.505111606054647,0,0,0,2,0,57.4193047655573,1
53,96,0,1,1,200,1,0,57.4193047655573,1
53,96,0.496754891555788,0,0,0,2,0,57.4193047655573,1
53,120,0,1,1,200,1,0,57.4193047655573,1
53,120,0.517893337543481,0,0,0,2,0,57.4193047655573,1
53,144,0,1,1,200,1,0,57.4193047655573,1
53,168,0,1,1,200,1,0,57.4193047655573,1
53,168,0.670894536289615,0,0,0,2,0,57.4193047655573,1
53,192,0,1,1,200,1,0,57.4193047655573,1
53,192,0.63936589087173,0,0,0,2,0,57.4193047655573,1
53,216,0,1,1,200,1,0,57.4193047655573,1
53,240,0,1,1,200,1,0,57.4193047655573,1
53,240,0.706093557823066,0,0,0,2,0,57.4193047655573,1
53,264,0,1,1,200,1,0,57.4193047655573,1
53,264,0.868664241414944,0,0,0,2,0,57.4193047655573,1
53,288,0,1,1,200,1,0,57.4193047655573,1
53,288,0.841870195769075,0,0,0,2,0,57.4193047655573,1
53,312,0,1,1,200,1,0,57.4193047655573,1
53,312.5,3.19769349091564,0,0,0,2,0,57.4193047655573,1
53,313,4.03755180694608,0,0,0,2,0,57.4193047655573,1
53,314,4.56313613861685,0,0,0,2,0,57.4193047655573,1
53,316,4.27335172611494,0,0,0,2,0,57.4193047655573,1
53,320,3.73371251181198,0,0,0,2,0,57.4193047655573,1
53,324,2.47074654240147,0,0,0,2,0,57.4193047655573,1
53,336,0.9772621598013,0,0,0,2,0,57.4193047655573,1
54,0,0,1,1,200,1,0,67.2031756643025,0
54,0.5,2.09602706105115,0,0,0,2,0,67.2031756643025,0
54,1,2.68537632492399,0,0,0,2,0,67.2031756643025,0
54,2,3.17480690380092,0,0,0,2,0,67.2031756643025,0
54,4,2.89446140596545,0,0,0,2,0,67.2031756643025,0
54,8,1.72887229529119,0,0,0,2,0,67.2031756643025,0
54,12,1.14286739114576,0,0,0,2,0,67.2031756643025,0
54,24,0,1,1,200,1,0,67.2031756643025,0
54,24,0.301808312996124,0,0,0,2,0,67.2031756643025,0
54,48,0,1,1,200,1,0,67.2031756643025,0
54,48,0.327453666308166,0,0,0,2,0,67.2031756643025,0
54,72,0,1,1,200,1,0,67.2031756643025,0
54,72,0.290788123092726,0,0,0,2,0,67.2031756643025,0
54,96,0,1,1,200,1,0,67.2031756643025,0
54,96,0.362906840555565,0,0,0,2,0,67.2031756643025,0
54,120,0,1,1,200,1,0,67.2031756643025,0
54,120,0.390440528754189,0,0,0,2,0,67.2031756643025,0
54,144,0,1,1,200,1,0,67.2031756643025,0
54,168,0,1,1,200,1,0,67.2031756643025,0
54,168,0.458412202898357,0,0,0,2,0,67.2031756643025,0
54,192,0,1,1,200,1,0,67.2031756643025,0
54,192,0.444911626547874,0,0,0,2,0,67.2031756643025,0
54,216,0,1,1,200,1,0,67.2031756643025,0
54,240,0,1,1,200,1,0,67.2031756643025,0
54,240,0.621241722198805,0,0,0,2,0,67.2031756643025,0
54,264,0,1,1,200,1,0,67.2031756643025,0
54,264,0.754932784141617,0,0,0,2,0,67.2031756643025,0
54,288,0,1,1,200,1,0,67.2031756643025,0
54,288,0.776309357082634,0,0,0,2,0,67.2031756643025,0
54,312,0,1,1,200,1,0,67.2031756643025,0
54,312.5,2.80672328720754,0,0,0,2,0,67.2031756643025,0
54,313,4.23897488974618,0,0,0,2,0,67.2031756643025,0
54,314,5.30159499432893,0,0,0,2,0,67.2031756643025,0
54,316,4.65762896956302,0,0,0,2,0,67.2031756643025,0
54,320,3.20367472949367,0,0,0,2,0,67.2031756643025,0
54,324,2.18011686662048,0,0,0,2,0,67.2031756643025,0
54,336,0.829199948767998,0,0,0,2,0,67.2031756643025,0
55,0,0,1,1,200,1,0,70.4072086660067,1
55,0.5,2.00187957971777,0,0,0,2,0,70.4072086660067,1
55,1,3.51778432912739,0,0,0,2,0,70.4072086660067,1
55,2,5.04428646169731,0,0,0,2,0,70.4072086660067,1
55,4,3.63111971965344,0,0,0,2,0,70.4072086660067,1
55,8,2.87026112030018,0,0,0,2,0,70.4072086660067,1
55,12,2.07690825395304,0,0,0,2,0,70.4072086660067,1
55,24,0,1,1,200,1,0,70.4072086660067,1
55,24,0.689127389351905,0,0,0,2,0,70.4072086660067,1
55,48,0,1,1,200,1,0,70.4072086660067,1
55,48,0.679122881180879,0,0,0,2,0,70.4072086660067,1
55,72,0,1,1,200,1,0,70.4072086660067,1
55,72,0.710924250637207,0,0,0,2,0,70.4072086660067,1
55,96,0,1,1,200,1,0,70.4072086660067,1
55,96,0.95738920713832,0,0,0,2,0,70.4072086660067,1
55,120,0,1,1,200,1,0,70.4072086660067,1
55,120,0.937990279833339,0,0,0,2,0,70.4072086660067,1
55,144,0,1,1,200,1,0,70.4072086660067,1
55,168,0,1,1,200,1,0,70.4072086660067,1
55,168,0.925694939366443,0,0,0,2,0,70.4072086660067,1
55,192,0,1,1,200,1,0,70.4072086660067,1
55,192,1.27886441353522,0,0,0,2,0,70.4072086660067,1
55,216,0,1,1,200,1,0,70.4072086660067,1
55,240,0,1,1,200,1,0,70.4072086660067,1
55,240,1.34106387368386,0,0,0,2,0,70.4072086660067,1
55,264,0,1,1,200,1,0,70.4072086660067,1
55,264,1.52661053721141,0,0,0,2,0,70.4072086660067,1
55,288,0,1,1,200,1,0,70.4072086660067,1
55,288,1.39152231934407,0,0,0,2,0,70.4072086660067,1
55,312,0,1,1,200,1,0,70.4072086660067,1
55,312.5,3.74681617383007,0,0,0,2,0,70.4072086660067,1
55,313,4.55463168559274,0,0,0,2,0,70.4072086660067,1
55,314,6.12298148447235,0,0,0,2,0,70.4072086660067,1
55,316,6.76179912911142,0,0,0,2,0,70.4072086660067,1
55,320,4.56235723174882,0,0,0,2,0,70.4072086660067,1
55,324,3.86432899547363,0,0,0,2,0,70.4072086660067,1
55,336,2.23680893037209,0,0,0,2,0,70.4072086660067,1
56,0,0,1,1,200,1,0,68.156554507967,1
56,0.5,1.40118062847955,0,0,0,2,0,68.156554507967,1
56,1,2.50112485296028,0,0,0,2,0,68.156554507967,1
56,2,2.93887402677953,0,0,0,2,0,68.156554507967,1
56,4,3.38968653710623,0,0,0,2,0,68.156554507967,1
56,8,2.45882431443692,0,0,0,2,0,68.156554507967,1
56,12,1.74528971363857,0,0,0,2,0,68.156554507967,1
56,24,0,1,1,200,1,0,68.156554507967,1
56,24,0.490977344883614,0,0,0,2,0,68.156554507967,1
56,48,0,1,1,200,1,0,68.156554507967,1
56,48,0.750502202495145,0,0,0,2,0,68.156554507967,1
56,72,0,1,1,200,1,0,68.156554507967,1
56,72,0.664612556156354,0,0,0,2,0,68.156554507967,1
56,96,0,1,1,200,1,0,68.156554507967,1
56,96,1.00219023040802,0,0,0,2,0,68.156554507967,1
56,120,0,1,1,200,1,0,68.156554507967,1
56,120,1.05187455569393,0,0,0,2,0,68.156554507967,1
56,144,0,1,1,200,1,0,68.156554507967,1
56,168,0,1,1,200,1,0,68.156554507967,1
56,168,0.977846502854406,0,0,0,2,0,68.156554507967,1
56,192,0,1,1,200,1,0,68.156554507967,1
56,192,1.30901510034946,0,0,0,2,0,68.156554507967,1
56,216,0,1,1,200,1,0,68.156554507967,1
56,240,0,1,1,200,1,0,68.156554507967,1
56,240,1.40746281034147,0,0,0,2,0,68.156554507967,1
56,264,0,1,1,200,1,0,68.156554507967,1
56,264,1.72119560288646,0,0,0,2,0,68.156554507967,1
56,288,0,1,1,200,1,0,68.156554507967,1
56,288,1.52616887392407,0,0,0,2,0,68.156554507967,1
56,312,0,1,1,200,1,0,68.156554507967,1
56,312.5,3.1558605351335,0,0,0,2,0,68.156554507967,1
56,313,4.19216780715987,0,0,0,2,0,68.156554507967,1
56,314,4.57928525848262,0,0,0,2,0,68.156554507967,1
56,316,5.3229607139546,0,0,0,2,0,68.156554507967,1
56,320,4.47948985997944,0,0,0,2,0,68.156554507967,1
56,324,3.96104065851147,0,0,0,2,0,68.156554507967,1
56,336,1.88518110907031,0,0,0,2,0,68.156554507967,1
57,0,0,1,1,200,1,0,90.1266694307648,1
57,0.5,1.74386898229655,0,0,0,2,0,90.1266694307648,1
57,1,2.87698234053125,0,0,0,2,0,90.1266694307648,1
57,2,2.50677717804542,0,0,0,2,0,90.1266694307648,1
57,4,2.89870983082399,0,0,0,2,0,90.1266694307648,1
57,8,1.96298158173419,0,0,0,2,0,90.1266694307648,1
57,12,1.52895744136637,0,0,0,2,0,90.1266694307648,1
57,24,0,1,1,200,1,0,90.1266694307648,1
57,24,0.666904214940055,0,0,0,2,0,90.1266694307648,1
57,48,0,1,1,200,1,0,90.1266694307648,1
57,48,0.738315489080288,0,0,0,2,0,90.1266694307648,1
57,72,0,1,1,200,1,0,90.1266694307648,1
57,72,0.865360494698485,0,0,0,2,0,90.1266694307648,1
57,96,0,1,1,200,1,0,90.1266694307648,1
57,96,0.923285026176533,0,0,0,2,0,90.1266694307648,1
57,120,0,1,1,200,1,0,90.1266694307648,1
57,120,0.808289231908371,0,0,0,2,0,90.1266694307648,1
57,144,0,1,1,200,1,0,90.1266694307648,1
57,168,0,1,1,200,1,0,90.1266694307648,1
57,168,1.11257445686223,0,0,0,2,0,90.1266694307648,1
57,192,0,1,1,200,1,0,90.1266694307648,1
57,192,1.01899091889671,0,0,0,2,0,90.1266694307648,1
57,216,0,1,1,200,1,0,90.1266694307648,1
57,240,0,1,1,200,1,0,90.1266694307648,1
57,240,1.41626517720991,0,0,0,2,0,90.1266694307648,1
57,264,0,1,1,200,1,0,90.1266694307648,1
57,264,1.40414595505715,0,0,0,2,0,90.1266694307648,1
57,288,0,1,1,200,1,0,90.1266694307648,1
57,288,1.53709184492865,0,0,0,2,0,90.1266694307648,1
57,312,0,1,1,200,1,0,90.1266694307648,1
57,312.5,3.17791773527244,0,0,0,2,0,90.1266694307648,1
57,313,4.79157545429574,0,0,0,2,0,90.1266694307648,1
57,314,4.84100645198252,0,0,0,2,0,90.1266694307648,1
57,316,4.59991545226235,0,0,0,2,0,90.1266694307648,1
57,320,3.89058699817237,0,0,0,2,0,90.1266694307648,1
57,324,2.8348001558508,0,0,0,2,0,90.1266694307648,1
57,336,1.50006152780551,0,0,0,2,0,90.1266694307648,1
58,0,0,1,1,200,1,0,93.7553411855699,0
58,0.5,2.00636982570865,0,0,0,2,0,93.7553411855699,0
58,1,3.39176181278162,0,0,0,2,0,93.7553411855699,0
58,2,3.36733978941119,0,0,0,2,0,93.7553411855699,0
58,4,2.64839662674615,0,0,0,2,0,93.7553411855699,0
58,8,2.122916191162,0,0,0,2,0,93.7553411855699,0
58,12,1.23695303703827,0,0,0,2,0,93.7553411855699,0
58,24,0,1,1,200,1,0,93.7553411855699,0
58,24,0.343130280618429,0,0,0,2,0,93.7553411855699,0
58,48,0,1,1,200,1,0,93.7553411855699,0
58,48,0.324576123969307,0,0,0,2,0,93.7553411855699,0
58,72,0,1,1,200,1,0,93.7553411855699,0
58,72,0.367809164970036,0,0,0,2,0,93.7553411855699,0
58,96,0,1,1,200,1,0,93.7553411855699,0
58,96,0.476216228336524,0,0,0,2,0,93.7553411855699,0
58,120,0,1,1,200,1,0,93.7553411855699,0
58,120,0.501782950831882,0,0,0,2,0,93.7553411855699,0
58,144,0,1,1,200,1,0,93.7553411855699,0
58,168,0,1,1,200,1,0,93.7553411855699,0
58,168,0.549426220562999,0,0,0,2,0,93.7553411855699,0
58,192,0,1,1,200,1,0,93.7553411855699,0
58,192,0.595659833162837,0,0,0,2,0,93.7553411855699,0
58,216,0,1,1,200,1,0,93.7553411855699,0
58,240,0,1,1,200,1,0,93.7553411855699,0
58,240,0.59332461118394,0,0,0,2,0,93.7553411855699,0
58,264,0,1,1,200,1,0,93.7553411855699,0
58,264,0.878611480754955,0,0,0,2,0,93.7553411855699,0
58,288,0,1,1,200,1,0,93.7553411855699,0
58,288,0.896008716303486,0,0,0,2,0,93.7553411855699,0
58,312,0,1,1,200,1,0,93.7553411855699,0
58,312.5,2.3298785483873,0,0,0,2,0,93.7553411855699,0
58,313,3.47294008968412,0,0,0,2,0,93.7553411855699,0
58,314,4.2106290797173,0,0,0,2,0,93.7553411855699,0
58,316,4.07781831498785,0,0,0,2,0,93.7553411855699,0
58,320,2.78115221929111,0,0,0,2,0,93.7553411855699,0
58,324,2.06828578243594,0,0,0,2,0,93.7553411855699,0
58,336,1.16312876605741,0,0,0,2,0,93.7553411855699,0
59,0,0,1,1,200,1,0,66.9206308743952,0
59,0.5,1.62086263736751,0,0,0,2,0,66.9206308743952,0
59,1,2.75873951443631,0,0,0,2,0,66.9206308743952,0
59,2,3.46194288800011,0,0,0,2,0,66.9206308743952,0
59,4,3.28044057522637,0,0,0,2,0,66.9206308743952,0
59,8,2.22750403169721,0,0,0,2,0,66.9206308743952,0
59,12,1.49182776033066,0,0,0,2,0,66.9206308743952,0
59,24,0,1,1,200,1,0,66.9206308743952,0
59,24,0.495260916322588,0,0,0,2,0,66.9206308743952,0
59,48,0,1,1,200,1,0,66.9206308743952,0
59,48,0.730673452484861,0,0,0,2,0,66.9206308743952,0
59,72,0,1,1,200,1,0,66.9206308743952,0
59,72,0.640268295780161,0,0,0,2,0,66.9206308743952,0
59,96,0,1,1,200,1,0,66.9206308743952,0
59,96,0.723329209947967,0,0,0,2,0,66.9206308743952,0
59,120,0,1,1,200,1,0,66.9206308743952,0
59,120,0.801690444812566,0,0,0,2,0,66.9206308743952,0
59,144,0,1,1,200,1,0,66.9206308743952,0
59,168,0,1,1,200,1,0,66.9206308743952,0
59,168,1.11634068680401,0,0,0,2,0,66.9206308743952,0
59,192,0,1,1,200,1,0,66.9206308743952,0
59,192,1.14791883943699,0,0,0,2,0,66.9206308743952,0
59,216,0,1,1,200,1,0,66.9206308743952,0
59,240,0,1,1,200,1,0,66.9206308743952,0
59,240,1.21369499673132,0,0,0,2,0,66.9206308743952,0
59,264,0,1,1,200,1,0,66.9206308743952,0
59,264,1.23103720142384,0,0,0,2,0,66.9206308743952,0
59,288,0,1,1,200,1,0,66.9206308743952,0
59,288,1.14850390146359,0,0,0,2,0,66.9206308743952,0
59,312,0,1,1,200,1,0,66.9206308743952,0
59,312.5,3.36517748480797,0,0,0,2,0,66.9206308743952,0
59,313,4.71365801448135,0,0,0,2,0,66.9206308743952,0
59,314,5.30023216855273,0,0,0,2,0,66.9206308743952,0
59,316,5.43434126372125,0,0,0,2,0,66.9206308743952,0
59,320,3.58321632073509,0,0,0,2,0,66.9206308743952,0
59,324,2.63282497217719,0,0,0,2,0,66.9206308743952,0
59,336,1.5301405798437,0,0,0,2,0,66.9206308743952,0
60,0,0,1,1,200,1,0,52.6996283233615,1
60,0.5,2.73082698799842,0,0,0,2,0,52.6996283233615,1
60,1,3.13286162513395,0,0,0,2,0,52.6996283233615,1
60,2,4.38683119625061,0,0,0,2,0,52.6996283233615,1
60,4,4.31131229050897,0,0,0,2,0,52.6996283233615,1
60,8,2.33659654828931,0,0,0,2,0,52.6996283233615,1
60,12,1.81429812027396,0,0,0,2,0,52.6996283233615,1
60,24,0,1,1,200,1,0,52.6996283233615,1
60,24,0.358925780375175,0,0,0,2,0,52.6996283233615,1
60,48,0,1,1,200,1,0,52.6996283233615,1
60,48,0.497505436741665,0,0,0,2,0,52.6996283233615,1
60,72,0,1,1,200,1,0,52.6996283233615,1
60,72,0.473586747871014,0,0,0,2,0,52.6996283233615,1
60,96,0,1,1,200,1,0,52.6996283233615,1
60,96,0.471641536369125,0,0,0,2,0,52.6996283233615,1
60,120,0,1,1,200,1,0,52.6996283233615,1
60,120,0.573411545122033,0,0,0,2,0,52.6996283233615,1
60,144,0,1,1,200,1,0,52.6996283233615,1
60,168,0,1,1,200,1,0,52.6996283233615,1
60,168,0.647805511755083,0,0,0,2,0,52.6996283233615,1
60,192,0,1,1,200,1,0,52.6996283233615,1
60,192,0.739824280179334,0,0,0,2,0,52.6996283233615,1
60,216,0,1,1,200,1,0,52.6996283233615,1
60,240,0,1,1,200,1,0,52.6996283233615,1
60,240,0.73785145795665,0,0,0,2,0,52.6996283233615,1
60,264,0,1,1,200,1,0,52.6996283233615,1
60,264,0.976148837650555,0,0,0,2,0,52.6996283233615,1
60,288,0,1,1,200,1,0,52.6996283233615,1
60,288,1.23914946671923,0,0,0,2,0,52.6996283233615,1
60,312,0,1,1,200,1,0,52.6996283233615,1
60,312.5,2.95787365209455,0,0,0,2,0,52.6996283233615,1
60,313,4.68848214415677,0,0,0,2,0,52.6996283233615,1
60,314,5.24855107015889,0,0,0,2,0,52.6996283233615,1
60,316,4.81876061622632,0,0,0,2,0,52.6996283233615,1
60,320,4.63228288959363,0,0,0,2,0,52.6996283233615,1
60,324,3.06997328920552,0,0,0,2,0,52.6996283233615,1
60,336,1.26658708749884,0,0,0,2,0,52.6996283233615,1
